beta,gamma,initial_infected,peak_infected,time_to_peak,total_infected,severity
0.42920225765394826,0.16818743133846192,35,254.9087198054082,14.141414141414142,903.879134946573,0
0.46106696344621434,0.15996654137691318,34,297.7717789423449,13.131313131313131,934.680853434995,0
0.31743649966742693,0.22111369467166114,19,64.9098052734097,24.242424242424242,561.458859740149,0
0.3184133303891481,0.1273422133150664,30,245.4560166941319,20.202020202020204,896.6473026265337,0
0.2823212388213544,0.26351832022255456,26,26.854274058051605,6.0606060606060606,271.20475443619557,0
0.2644988707907585,0.22229944114166106,39,46.889453789736066,11.111111111111112,408.4304205725175,0
0.2627897731039235,0.05923594621224472,26,444.6558791444068,24.242424242424242,976.4355318565594,1
0.1273393286421132,0.052840176296165844,33,233.93377479490243,48.484848484848484,782.9980182939892,0
0.2296769124520929,0.19715707904234608,1,10.867190405916489,100.0,100.34431301211083,0
0.5232371572514861,0.22971403916250677,42,218.0582922713815,11.111111111111112,867.0630731771213,0
0.3119307916772093,0.20508928297309448,3,68.7821450877385,43.43434343434344,593.2505386255085,0
0.18879555554263064,0.14313130920973838,31,55.81453370452308,28.282828282828284,479.8631329923632,0
0.1919412199914615,0.05006778841069108,27,395.7341276504965,33.333333333333336,939.6500310252175,0
0.43148220708994967,0.20360382311387204,1,174.20019249105061,30.303030303030305,826.6702661680299,0
0.1335689035229131,0.1876652056842339,38,38.0,0.0,111.08704303463276,0
0.5176059389549097,0.2389525267149198,20,190.63870530298678,14.141414141414142,841.7433204434126,0
0.30219563742045374,0.06453533327594187,9,458.39550469054024,26.262626262626263,982.2956108285955,1
0.39771254443045145,0.08683863252536266,2,449.39170849878184,24.242424242424242,987.7014979201716,1
0.43242801839731937,0.2894398217388672,24,78.16565822484822,16.161616161616163,604.2984739130097,0
0.11869526591646426,0.13016493354389597,39,39.0,0.0,189.05582712678228,0
0.3394559183604895,0.29353114654989915,24,30.589649121775345,12.121212121212121,344.5320443320165,0
0.24593294561906667,0.1367981862928549,5,120.26223511474913,43.43434343434344,722.1108144021355,0
0.12090312739227912,0.16413454559514817,2,2.0,0.0,7.402337683107508,0
0.5471391813268309,0.13358711214762686,20,416.0318590771238,12.121212121212121,982.4607117078303,1
0.10123087407553275,0.07949237004522859,4,22.180241373385726,100.0,92.51885333970537,0
0.41569316961546465,0.20641534303877862,44,178.16692541069503,13.131313131313131,814.6650863165155,0
0.487163825162386,0.2733859141480658,44,139.84571013029324,11.111111111111112,747.806738192322,0
0.11366711078609773,0.13466357369913273,23,23.0,0.0,104.02174205456429,0
0.31606176563256017,0.25679420343715686,10,26.962396111330648,31.313131313131315,372.9914267421377,0
0.1096707767634513,0.1889775536039207,43,43.0,0.0,93.58166811491665,0
0.3861789445759387,0.2673653637681347,49,87.88247439135405,11.111111111111112,600.5222396208924,0
0.15357305807917163,0.1675987944329444,24,24.0,0.0,141.9972571970991,0
0.40798329774178754,0.08616930309160399,33,467.30713459974265,15.151515151515152,990.4388801639167,1
0.5657155732923134,0.1510669734802691,15,383.54257458487166,13.131313131313131,974.3630567623612,0
0.46117100783559617,0.22121220802214175,6,170.74806533340345,21.212121212121215,820.1912316752872,0
0.5334682991117214,0.2319389602073409,7,206.0804651005525,17.171717171717173,863.83154531285,0
0.42350758074475825,0.17989928585151,12,216.56464951560258,19.191919191919194,873.6341952874913,0
0.1848596056249455,0.06582537569480044,16,281.965138137133,39.3939393939394,894.1814054748369,0
0.4776783923619302,0.2728720781873732,4,111.12576086510758,24.242424242424242,715.202026394244,0
0.5597071589405129,0.16348598234868778,14,352.54941555255846,13.131313131313131,963.5915331515404,0
0.18403835347263534,0.21930007721587091,15,15.0,0.0,74.76062222152466,0
0.3503453710532394,0.19107259276272887,20,134.95512727225537,21.212121212121215,753.9534834555983,0
0.42609743397652455,0.06070787217407915,7,580.6896816235444,19.191919191919194,993.2780345043441,1
0.326526744257855,0.08791990454611791,6,379.00041622256657,26.262626262626263,970.9605552721648,0
0.5823652485746513,0.09336161022257296,39,552.4477322373833,10.101010101010102,997.902629299033,1
0.3043167343716363,0.08737080062844031,25,361.86021933844444,21.212121212121215,964.477304191742,0
0.21532381912495804,0.1310442933548155,7,93.44820186045472,48.484848484848484,641.647416486055,0
0.5348912288323308,0.20015288803875825,49,276.7716924769428,10.101010101010102,918.259333526608,0
0.3901463873452743,0.2162872536159356,16,127.5249883515705,20.202020202020204,741.823694280666,0
0.18110196864019687,0.2781161644925055,18,18.0,0.0,48.574537821288565,0
0.5988699273419882,0.15617229461637144,33,397.45489053283427,10.101010101010102,977.1929646565217,0
0.3191948907564769,0.15628446597135137,40,180.62742021815794,18.181818181818183,819.9976943156016,0
0.1967997903397257,0.2054393452545949,37,37.0,0.0,218.16072920787482,0
0.5127184350414863,0.12585541880624013,27,416.00056402698004,12.121212121212121,982.1744658348338,1
0.2677799609079655,0.07741949976232,34,362.01453098372303,22.222222222222225,961.7461034736294,0
0.5002016780719191,0.17250107345577192,35,300.17551884280573,12.121212121212121,936.0653808100062,0
0.5775179425706897,0.2671856451448875,27,193.26932217261628,11.111111111111112,842.5220945275286,0
0.36891219242252704,0.07055377897561087,8,493.59722797320705,21.212121212121215,990.9394580339855,1
0.31705025192888814,0.18780600493000355,43,123.41558441999028,17.171717171717173,712.4115891497149,0
0.1664465546859056,0.15554731829809038,27,27.770432230521457,9.090909090909092,257.45740127251366,0
0.555455578134675,0.19481633451157487,15,286.9408196209381,13.131313131313131,930.6464625451134,0
0.3394778415797227,0.1439859690027655,28,224.05189027144576,19.191919191919194,876.8974210552107,0
0.21773300731586134,0.12746475771020593,31,119.54491774085085,28.282828282828284,707.0259221297622,0
0.46295724171771113,0.17966395174321886,17,250.76575672966146,16.161616161616163,904.3934866305871,0
0.5145051219040317,0.10900393806007387,23,463.643805662132,13.131313131313131,990.8206614670843,1
0.38020158875634014,0.25208877534691787,30,84.69897156749246,16.161616161616163,618.0954964135568,0
0.2745513018920549,0.0824194527231991,23,345.5430992510697,24.242424242424242,956.574243765237,0
0.2138484440140722,0.13071314797206424,29,105.82121851744242,30.303030303030305,673.4308641981097,0
0.20171693131488375,0.1668667907856503,10,24.180567601115335,48.484848484848484,306.2002025351775,0
0.5286873168032232,0.07189683600675777,30,596.7439831482078,12.121212121212121,997.9441621165741,1
0.5901251779296791,0.0533060504950741,25,693.8978174704038,11.111111111111112,992.848151638293,1
0.5743088545493257,0.0921243811869346,26,550.0622510578023,11.111111111111112,997.8250267881319,1
0.42111314312645276,0.29287396223168116,17,63.87101199234704,19.191919191919194,561.5446855158443,0
0.5680143131063512,0.2535636800098396,17,201.21038764938945,13.131313131313131,855.3066642373592,0
0.3081796831910184,0.11805613791366269,43,266.19029555715207,18.181818181818183,910.860820355313,0
0.1436603140008232,0.26708503460393024,6,6.0,0.0,12.842764732494627,0
0.5998164791506992,0.1663273113322013,30,375.00255116109986,10.101010101010102,970.7272061019737,0
0.10447337276963961,0.09979027390844679,8,8.692095171534799,42.42424242424243,83.4493403201151,0
0.13254616298273322,0.2876998660111505,37,37.0,0.0,65.72101082308895,0
0.20851445232352941,0.285721386706916,44,44.0,0.0,131.43911651197723,0
0.3639778200940682,0.29858113424514054,13,27.938414044301776,23.232323232323235,373.8510731714551,0
0.22277260124626877,0.1137360704332915,24,158.5502547915002,30.303030303030305,787.1446027077669,0
0.5400102195276174,0.22853704617544712,15,219.26898569026898,14.141414141414142,875.5668119020619,0
0.39807757653697684,0.24589534828997722,32,104.79997244167598,15.151515151515152,675.8854329144837,0
0.27760713717334906,0.21577615145453194,7,32.34038394024746,42.42424242424243,409.3681300342343,0
0.49017654854500825,0.2804632033228788,35,128.76106681241293,12.121212121212121,731.0901955548242,0
0.21454037625173625,0.23584121142364067,21,21.0,0.0,129.70097321828408,0
0.5012319759738065,0.16814775651500047,37,310.2032294965528,12.121212121212121,941.8838390040013,0
0.3825884483899381,0.15391569788353382,43,248.6045661468935,15.151515151515152,897.0375937851632,0
0.2857096994071403,0.08517729315928442,39,352.90835489793994,20.202020202020204,959.6808452212048,0
0.2250754799649756,0.1420839731030743,29,96.90673318431016,28.282828282828284,650.9666818059101,0
0.4972907072448296,0.2381352854977018,36,186.01947124041206,12.121212121212121,829.4628617027754,0
0.4684377900432568,0.12933794449046065,17,373.2448545419358,15.151515151515152,970.7444153415771,0
0.31773980011223557,0.05842584068039859,43,512.8069857781314,18.181818181818183,988.4105929728022,1
0.3251826098354632,0.2810371187386934,27,33.309697199207164,12.121212121212121,353.1775638065071,0
0.4247329922051567,0.2201191982548495,3,142.6071277420194,27.272727272727273,777.5855944435832,0
0.15764233380730705,0.16364523267463388,29,29.0,0.0,189.03392694749812,0
0.21500928295541524,0.19037078722301481,34,37.45940914443811,11.111111111111112,342.07677590148825,0
0.45209355588996447,0.2131337129496011,48,196.99634637225404,12.121212121212121,839.6072248989994,0
0.10048446668933056,0.27929447667380086,40,40.0,0.0,60.757111041119536,0
0.5982562170852778,0.1974731924625147,3,304.67824905521485,16.161616161616163,942.6652692506154,0
0.5393686786655113,0.20033226957025257,43,276.6276355739478,10.101010101010102,919.5084556690728,0
0.4362794836233179,0.1437311889924215,22,311.83423349533825,15.151515151515152,944.3197766947429,0
0.32239269666482473,0.17153317340776592,35,151.08754739308554,18.181818181818183,774.9907577981776,0
0.403094431881342,0.1822630801175325,27,201.32477982346242,16.161616161616163,852.2192386075267,0
0.14187661839339746,0.14486892836631327,2,2.0,0.0,23.40010108508216,0
0.37368336280041603,0.20883171576151605,33,134.70801144591343,16.161616161616163,745.0251941987664,0
0.18050411401250901,0.1385080135287035,48,67.18542512536528,20.202020202020204,499.8632775568625,0
0.4350332663530905,0.1953739401853145,32,205.9859919678842,14.141414141414142,856.1205686873204,0
0.1523357994471339,0.16715665353311399,26,26.0,0.0,147.506494369939,0
0.17392204589413432,0.1373581337152684,37,53.606696588612756,24.242424242424242,448.369201045932,0
0.22677556703604537,0.06784633551748144,4,340.9413603136189,40.40404040404041,935.5516114424582,0
0.5716639349206538,0.13524980934774739,43,432.6627640699329,10.101010101010102,985.1119417823668,1
0.34363307402121956,0.09496985900452636,49,381.9374668876298,16.161616161616163,971.1214914381867,0
0.5687867879029626,0.06519792196374806,44,641.0637428460991,10.101010101010102,997.5321211884134,1
0.43202968516946305,0.19289864894231729,15,199.99575515225004,18.181818181818183,854.7702755467786,0
0.49126908521936874,0.1251210330579064,31,404.05797651479764,12.121212121212121,979.2419027019495,1
0.38466988975483907,0.12887614149725646,23,306.3321795529583,17.171717171717173,941.0024036928941,0
0.5337637898842983,0.2931378286104581,41,144.51117518770891,10.101010101010102,759.4031400433463,0
0.11114134492495789,0.07198242119621913,49,103.53157861623221,42.42424242424243,562.6338596321335,0
0.4527728669595774,0.057645625770243195,38,614.692901983414,13.131313131313131,994.2327497936981,1
0.4129525559711479,0.0886205223704513,48,465.14662795587986,13.131313131313131,990.0631166874969,1
0.5945986263572982,0.13047403464153406,44,455.70393357596544,9.090909090909092,989.4672895031255,1
0.5126154113159882,0.052631141517791594,25,666.1840882007702,13.131313131313131,991.7865148310503,1
0.20435984677340133,0.12956052118009515,7,81.5230074857473,52.525252525252526,594.4961955462156,0
0.48193745733241977,0.26505381798959704,19,131.58933360667484,15.151515151515152,748.4221563262574,0
0.3985332774735407,0.1710477554926687,18,215.5528812638331,18.181818181818183,870.8840490332589,0
0.527444950521805,0.05543246000833786,30,661.2160299370297,12.121212121212121,993.813983416072,1
0.30238627929887874,0.11677191998612689,40,262.1186267956785,19.191919191919194,908.156398185262,0
0.4208805112370426,0.14992665069129835,37,289.4531793626662,14.141414141414142,929.0228873064898,0
0.3035180794280805,0.10866263609683037,16,279.9850868532073,24.242424242424242,924.7593456413779,0
0.3953142978348603,0.1801363963087571,43,206.19604347752022,14.141414141414142,852.6651457863417,0
0.3004565774028205,0.1633073332014932,31,142.14887060636255,21.212121212121215,760.6128134559451,0
0.4401360002057998,0.1348929159296643,35,341.28213975720115,13.131313131313131,957.5419357057906,0
0.5566523717374202,0.12770662785028236,19,437.01397486507545,12.121212121212121,986.6801727492974,1
0.13006680214829572,0.2932707056483845,34,34.0,0.0,58.91287095741456,0
0.5929948560703097,0.2914445536265806,46,182.5490719200581,9.090909090909092,820.2060886136387,0
0.4456372481610874,0.14271429251987394,27,323.714343527669,14.141414141414142,949.8601821415857,0
0.5798272685521726,0.2672586413799326,35,198.3077361527386,10.101010101010102,846.0581797354039,0
0.5814532696333483,0.051655856316723134,22,697.6518689669338,12.121212121212121,991.5287493732175,1
0.4446229199688727,0.22390014690644544,11,156.52316539175197,19.191919191919194,796.7129308505696,0
0.43596076290204555,0.2340755494221758,33,147.16942790402427,14.141414141414142,769.1809731968814,0
0.3762987311532625,0.0849798022510158,34,445.9202699681828,16.161616161616163,986.903717684016,1
0.4046352581411199,0.27732463736507657,35,80.04067686739245,13.131313131313131,594.8701216973215,0
0.5934150409130949,0.051070905272047565,29,705.380049822175,11.111111111111112,991.3819126172757,1
0.4264421948184025,0.12289697401967407,19,358.7870857575104,16.161616161616163,965.5097273526322,0
0.10267874002787367,0.08152155218675915,17,36.47070931984389,72.72727272727273,248.9766462203531,0
0.5109366114057591,0.19310302553978975,29,265.20864279959767,12.121212121212121,913.3717072311022,0
0.29039281861385846,0.08628578295833002,18,347.6359739277111,24.242424242424242,958.6937476738676,0
0.34916158807080566,0.18905093919953503,38,147.26746478787067,16.161616161616163,766.3374668784235,0
0.26668547384332164,0.1447108634629672,23,138.273053806274,26.262626262626263,756.6833385616824,0
0.4078121969526797,0.11442492831639171,43,374.9485163893604,14.141414141414142,969.692282631419,0
0.36123298198712117,0.06102350375635372,2,530.6318365682332,26.262626262626263,987.8504475828357,1
0.4851754346641657,0.06828894443991702,21,586.0673514272721,14.141414141414142,996.9397259423356,1
0.21107252131180074,0.18432133079435592,31,35.89182405514618,14.141414141414142,345.8903862448592,0
0.13832155773911678,0.21939832985967894,5,5.0,0.0,13.318579160841637,0
0.28750835244461626,0.24169190933507606,46,53.003042394840385,9.090909090909092,423.11599611470547,0
0.55031886860515,0.05842775805970361,1,654.5909630006565,19.191919191919194,993.0750595816454,1
0.3466457080904992,0.25517166671293984,44,71.47851094910195,12.121212121212121,542.3645960000632,0
0.5815938660384086,0.06540050235525473,26,644.3149917851911,11.111111111111112,997.4685250940735,1
0.4932347426956334,0.18104743087084585,5,266.2998387729135,19.191919191919194,918.5090167593423,0
0.3213076199096305,0.09723237991329735,45,349.54128360714344,17.171717171717173,959.2218408676898,0
0.4917312729294595,0.28817903468406453,3,102.54439298804219,25.252525252525253,695.9099473626399,0
0.23370101448923145,0.1765327352264856,17,45.66220944055038,33.333333333333336,464.693325172843,0
0.18821789560492982,0.24077484155329126,31,31.0,0.0,112.67398417509654,0
0.2364550999942652,0.20033760357485486,32,39.864960325422906,15.151515151515152,382.2358507819307,0
0.46678784467076917,0.11511397820516471,47,419.8138784309224,12.121212121212121,982.1808119976016,1
0.5911099115735395,0.1920681612310598,1,310.00826634673155,19.191919191919194,945.5844633594678,0
0.23018405274216,0.17405806402379276,34,58.63888595755839,21.212121212121215,498.75437318493556,0
0.3773728569834036,0.10171665988186819,39,387.59825557585384,15.151515151515152,973.7704381124939,0
0.30933252987860205,0.18769223546683023,18,101.09702589054932,25.252525252525253,678.7551974572599,0
0.20087347254397594,0.23655766456913035,29,29.0,0.0,131.5327557070996,0
0.5505581744005134,0.26028510633598406,33,188.92291210315415,11.111111111111112,834.4786600660443,0
0.2517118129372201,0.29258186833792144,16,16.0,0.0,86.62738390170801,0
0.23058350288920323,0.17712678568462442,9,36.170761552764176,46.46464646464647,413.41548104260505,0
0.5808758788105427,0.2724555898895586,17,183.80437527943857,13.131313131313131,833.8631584093207,0
0.3413718117537673,0.0937063704934485,21,375.97945377016015,20.202020202020204,970.6410831748051,0
0.5649988401675105,0.27307879140010455,22,175.82279147092538,12.121212121212121,821.1479633533,0
0.5234236040008414,0.08385720088580075,4,545.82968740747,17.171717171717173,997.2565920111748,1
0.16187280989313393,0.09149081305541669,43,137.15127401022139,33.333333333333336,717.2864681263312,0
0.5475873633061881,0.29257746375328025,35,149.76086903616886,11.111111111111112,772.8288018986195,0
0.15738777263889794,0.24830904074934962,17,17.0,0.0,44.08886117980196,0
0.15888933147516662,0.17473580358109064,22,22.0,0.0,130.71777508641998,0
0.22019934265791283,0.1506242100275066,8,61.698104894728736,48.484848484848484,536.3485292212782,0
0.21299833067385474,0.10764005461906477,17,158.34894747432645,35.35353535353536,785.2465885781552,0
0.3017023312737712,0.25857992818118297,7,16.759286945918728,38.38383838383839,284.9929356506388,0
0.3246985936622535,0.2822176405970197,7,15.063133414940001,34.343434343434346,270.63245939521016,0
0.26961621899536836,0.10079077151216582,14,263.5786691152789,28.282828282828284,911.6880705809949,0
0.2087230629829819,0.1510945173442313,41,72.51208083155167,22.222222222222225,546.9603152647493,0
0.5380442087936637,0.1715681532376946,21,322.23558817332685,13.131313131313131,950.2768313298144,0
0.11862223832939503,0.2073799016580345,42,42.0,0.0,90.14209592316534,0
0.1720391099154339,0.2885997706811344,21,21.0,0.0,49.42148901639907,0
0.46722893410972566,0.25962016281672723,13,125.0942737474439,18.181818181818183,738.8936207152416,0
0.21480942357020413,0.18296510224159623,37,43.68405227765858,14.141414141414142,387.1099314781752,0
0.5061096259481991,0.0860114823502325,8,528.7472890044089,16.161616161616163,996.5761909759722,1
0.2721340334077308,0.11934280580556995,32,214.0496961840945,22.222222222222225,864.1786487619675,0
0.5886225170500446,0.06274129154972606,22,655.2332355587786,11.111111111111112,996.8340569887577,1
0.4821723511313766,0.286387151359309,7,100.79144014775315,21.212121212121215,688.3896974423291,0
0.4263269677875875,0.15792471868078223,41,277.04652664677667,13.131313131313131,919.954657907558,0
0.22922360468468914,0.19261610915743965,27,36.490762395819,19.191919191919194,376.1397961359757,0
0.47793288642611254,0.20915599242243876,48,222.22714676388,11.111111111111112,869.4356245888649,0
0.20714577678784005,0.2871904296772607,37,37.0,0.0,111.25932483149504,0
0.3503751905255452,0.1558501855538481,14,201.1077509333341,22.222222222222225,855.9109645843291,0
0.32457874208453874,0.20097381913816031,27,100.95503274330316,20.202020202020204,670.1829676758869,0
0.3657592209052818,0.13828502420822975,32,266.2497006295638,17.171717171717173,913.5104954276711,0
0.48141264275541584,0.1364173301799474,38,370.2738753575237,12.121212121212121,968.437707789198,0
0.2761107730235607,0.1694320354275674,8,91.61774311338914,36.36363636363637,658.7575965664153,0
0.5871219081561558,0.09335231080345861,41,555.251649764952,10.101010101010102,998.0068912734446,1
0.12951101900081632,0.26853601845507863,23,23.0,0.0,43.0977464747647,0
0.5399555933858047,0.2996193592113846,11,124.35832030664099,16.161616161616163,738.804731470962,0
0.2607631507261521,0.11086312159937457,13,216.77521720702504,30.303030303030305,870.1586501773959,0
0.5229008280273089,0.05781169482701119,7,645.7823453343868,15.151515151515152,993.9175538895158,1
0.5479048096597903,0.1477652662175501,11,379.72484143095164,14.141414141414142,973.1997220960186,0
0.3413518600174418,0.1815234572844821,43,155.74710734829517,16.161616161616163,778.6165151381908,0
0.3286112515122719,0.06532932853142677,32,485.9497122853809,19.191919191919194,988.8507721792495,1
0.31074634747256735,0.07782575176825295,42,413.4416221293739,18.181818181818183,978.669077108346,1
0.388017916973433,0.08092956200603967,27,469.9736924831752,16.161616161616163,990.4295635694104,1
0.40757440928276745,0.16442377268720293,28,241.46349596267243,16.161616161616163,893.9904640730269,0
0.4338545898309244,0.09802326575273952,35,445.64950622257044,14.141414141414142,987.5496425780148,1
0.18534327392978042,0.2991595306406957,14,14.0,0.0,35.37366348822853,0
0.4094236133968737,0.12854717848179342,5,323.5908993402304,22.222222222222225,951.872751778164,0
0.3346033850161688,0.08099257652301446,4,415.0354042474563,27.272727272727273,979.6362859979939,1
0.1463045570665231,0.29871007925643644,36,36.0,0.0,67.22277154360489,0
0.31570863166495555,0.17067000819530104,33,145.01856160911368,19.191919191919194,764.9041337906411,0
0.45705860859255987,0.2569190962785528,49,142.31935980918124,11.111111111111112,749.1827800233233,0
0.5696009427340679,0.10203848267771097,11,514.7223972125641,13.131313131313131,996.0636331402857,1
0.46434949185529806,0.24911994418387956,48,155.81741387495143,11.111111111111112,775.8109011742343,0
0.4723445347749674,0.18072470781931,36,263.21560184093937,12.121212121212121,910.8269073340753,0
0.21446177857722445,0.1920104684829364,24,27.430664145659925,15.151515151515152,297.9978108624386,0
0.12318552583297235,0.05814247648673403,40,192.90653352690404,46.46464646464647,742.1349236109915,0
0.48541134274085496,0.1154030628240132,44,430.40736718809404,12.121212121212121,984.7563580670057,1
0.5395676421244193,0.2862481737291673,1,133.6098930208928,26.262626262626263,762.7942413985998,0
0.533490518550878,0.2615573701159762,9,164.32501630129184,17.171717171717173,810.1357404405699,0
0.5926874127853319,0.2855864185529689,34,182.96170216017393,10.101010101010102,826.0320534957314,0
0.2085608713281943,0.12778210733432632,41,112.76483714478317,26.262626262626263,681.4775973607075,0
0.5226898836529974,0.11347355600934046,27,457.2292885377104,12.121212121212121,989.754769408371,1
0.4632493620576259,0.14690743881425228,5,320.1301830403924,19.191919191919194,950.2566126602596,0
0.5878695131769214,0.16171233659327466,9,371.21648168436957,13.131313131313131,970.9463563101215,0
0.5042092492138138,0.09331569933576418,48,511.7941824511341,11.111111111111112,995.3720150916677,1
0.15512426855006697,0.14982921130390858,24,24.052439946513125,3.0303030303030303,214.16916452137562,0
0.3735386143952759,0.1496132498049978,38,248.1143306404992,15.151515151515152,897.6585291562749,0
0.30239071366488535,0.24699097957681126,12,27.773317256494114,29.292929292929294,371.7685045397152,0
0.22341460559508555,0.17043535363778156,32,55.44918400074305,23.232323232323235,485.5102872592073,0
0.10628666671849415,0.07069818821171552,22,78.4264980978222,67.67676767676768,421.95638192329915,0
0.5102463704438756,0.1256638137459139,32,416.5291604834973,12.121212121212121,982.019710856539,1
0.34623985844598726,0.057428199032816415,1,536.2434921268715,30.303030303030305,982.7311030394222,1
0.30393582997042823,0.051457148048707504,22,533.5983306528735,22.222222222222225,982.3962812925664,1
0.38817738935046575,0.2766552671818302,21,61.020532934378146,18.181818181818183,542.8793032136863,0
0.1890384543619729,0.06435067636381943,49,309.8067082164585,28.282828282828284,921.5436522384999,0
0.11835483784412923,0.25382983248545915,3,3.0,0.0,5.599840323683297,0
0.52941071387813,0.09029137565268462,33,531.876295712637,12.121212121212121,996.903241369353,1
0.3120278606497606,0.14175751857178492,7,190.41102676208055,29.292929292929294,844.5976707400579,0
0.563955379045428,0.2940948356165378,5,141.46910374958588,18.181818181818183,774.799273350157,0
0.531278615412923,0.18197712874819955,37,303.3977142524571,11.111111111111112,937.6608221736981,0
0.18460096286546676,0.1069608427686934,32,123.22085485607877,33.333333333333336,704.081228841401,0
0.263508964887769,0.12428151536108593,43,194.6219619549765,21.212121212121215,836.9046609344224,0
0.5174707404186405,0.21610417423318568,22,226.93178979649875,13.131313131313131,881.5307550830519,0
0.20777700379598016,0.26673420685947696,7,7.0,0.0,29.693755938615748,0
0.5024188782711196,0.21289014461091155,36,227.73008084640043,12.121212121212121,878.8515995489267,0
0.3784669004024771,0.05177294465664779,45,597.068496446492,15.151515151515152,989.3721478999009,1
0.2611882586359774,0.18279286402337713,48,84.77471742112807,16.161616161616163,589.4625569585046,0
0.47596311599542485,0.28442324800965196,31,113.56156377838526,13.131313131313131,699.3451600261114,0
0.21159289968826342,0.07958267837381115,36,269.8588668278459,28.282828282828284,906.0535005335213,0
0.32775660990743083,0.2516675631254037,22,46.39355581962803,20.202020202020204,468.05766333413106,0
0.37128697197694316,0.17558430941103287,10,177.70422099480922,23.232323232323235,828.0395290342051,0
0.2313402454522636,0.18980049606115101,4,20.470831567996512,65.65656565656566,272.9358893449157,0
0.17869025980460532,0.0707383846064044,8,240.44846931346243,48.484848484848484,846.3931883763859,0
0.52487222161031,0.11063262889861707,21,464.75585999478517,13.131313131313131,991.0387418859497,1
0.35933181624424804,0.1616327676839242,30,204.3154576139612,17.171717171717173,854.9541743122589,0
0.275131304072601,0.2874688662355521,21,21.0,0.0,159.17262012729324,0
0.46597919364279694,0.1756720822500185,25,264.78149743210014,14.141414141414142,913.5840521176515,0
0.585047950856393,0.1942819650770461,38,314.63357913398767,10.101010101010102,943.9346854635799,0
0.3276905752433925,0.22001838558003556,24,77.3992251664339,21.212121212121215,601.0908795424963,0
0.3987591013674068,0.27527158452046707,13,62.865775924057125,22.222222222222225,563.765376193625,0
0.525317806260133,0.14782613663602506,3,362.62972779887417,18.181818181818183,968.0146361388654,0
0.4908380448596852,0.16487244470800172,8,300.25218724524603,17.171717171717173,939.4808379677497,0
0.25248677538099773,0.14660700086571177,15,112.47786791574474,32.323232323232325,705.3111325835698,0
0.4317306110751147,0.20553967975027443,8,174.36317086181825,21.212121212121215,824.4058726043628,0
0.5397191773095147,0.1957707638302048,13,274.15992195122965,14.141414141414142,922.3843306243156,0
0.45744546863113444,0.10861063998043001,32,428.6004279851594,13.131313131313131,984.5802284409566,1
0.23206602377788696,0.1857134357655622,18,35.96233193657595,30.303030303030305,402.60772873912026,0
0.17667110027271918,0.11120949824996203,45,108.14248168777155,28.282828282828284,656.0371660114546,0
0.12025547325129618,0.13929022602190483,28,28.0,0.0,129.95591177879908,0
0.44943826502707274,0.241431831983891,7,132.6021498110717,22.222222222222225,757.6537403650332,0
0.4922878202381169,0.10677628093509396,1,450.68537027654105,21.212121212121215,989.3011300039653,1
0.430775994348342,0.13246283137963433,28,337.93572806138803,15.151515151515152,956.6530689931648,0
0.5470316385506502,0.2626496600766681,38,185.64530310293856,11.111111111111112,828.7984795741214,0
0.3102377712708695,0.2745566701400148,39,42.07598513374879,6.0606060606060606,360.22219626892525,0
0.43568420596313895,0.19848776341281632,49,209.14022208081502,12.121212121212121,854.1313638144298,0
0.4257215663584726,0.16330521202313836,8,251.91835089895122,20.202020202020204,906.6324405253182,0
0.2697230244382395,0.09010170227169488,14,304.2033180196377,27.272727272727273,937.349075098794,0
0.33662216313970683,0.07492586642214667,47,453.1823260026614,16.161616161616163,986.6858189490075,1
0.14596080230667088,0.18512884562405385,33,33.0,0.0,120.49813590936007,0
0.22847339677140224,0.1099356647987574,26,179.4931709990565,29.292929292929294,819.0966600941933,0
0.27181148979908454,0.11005710156288374,12,233.908990940284,29.292929292929294,887.7707349915399,0
0.41030055911982577,0.2824387493776401,21,69.11417969606697,18.181818181818183,575.8789665380604,0
0.19346593354279848,0.11191069175148761,18,115.39157586215664,39.3939393939394,692.4642920741666,0
0.16046981975156513,0.06602151638724811,28,234.81357282322332,40.40404040404041,844.2626293201407,0
0.44695039944915704,0.2670961461789156,42,120.36377869626301,12.121212121212121,706.0709160698675,0
0.35141435248421526,0.26367110958894024,41,65.54856878990778,12.121212121212121,521.1065255854123,0
0.20800657407820153,0.07142062579878582,26,298.62611914405994,31.313131313131315,921.7663948168432,0
0.20007978546283242,0.08728135884806633,24,212.41358170816193,33.333333333333336,851.9019599828474,0
0.5648404852228854,0.2835870372489909,46,175.23836949994032,9.090909090909092,809.9066557838111,0
0.5361994784715844,0.28637732805868404,15,138.93971153377785,15.151515151515152,764.7025395913478,0
0.11901567393902016,0.2528611034131332,14,14.0,0.0,25.986530426416525,0
0.5722127791564583,0.07517889051968378,40,605.9607822265438,10.101010101010102,998.5671179078931,1
0.23935239547594742,0.2723145572122949,16,16.0,0.0,93.71907309864098,0
0.4326092482004491,0.09095535660126179,25,467.04985716466535,15.151515151515152,990.7882628523105,1
0.33907426156819875,0.19085472401495557,33,132.50684913809965,18.181818181818183,740.4118874570962,0
0.11607724781332271,0.09689558121684334,4,15.997097908892403,100.0,92.85584936923483,0
0.17625434538728932,0.23032029461441628,46,46.0,0.0,148.38816057033907,0
0.5370748344695425,0.151652695240374,26,367.8782739298863,12.121212121212121,968.4410614811804,0
0.4983373617396235,0.27961394749198776,25,128.61778444582555,14.141414141414142,738.5845420814952,0
0.5463989421031178,0.1478529216416955,7,377.59131431356866,15.151515151515152,972.7149746352818,0
0.23635192376900307,0.22235486903098312,8,9.345753432817508,25.252525252525253,160.20808785305232,0
0.11322854058411178,0.05458439057352256,2,164.9715850496855,100.0,305.7406434695837,0
0.3799428350961942,0.13699762924874215,10,275.2297684725155,21.212121212121215,923.4142657692903,0
0.5245175452584451,0.27245146315535074,19,150.29375194233793,14.141414141414142,782.5283239766176,0
0.16071383137266157,0.18374354948470345,11,11.0,0.0,65.968272993253,0
0.19196158297630098,0.26231450237509724,43,43.0,0.0,129.5672986181705,0
0.5759830190938839,0.2646804635057374,43,202.7661746369394,10.101010101010102,849.2298241361175,0
0.22039798245289519,0.16279779715239107,6,42.034089535999954,55.55555555555556,433.3218739769709,0
0.12432873906277628,0.10375050228015158,15,27.134389945248007,59.5959595959596,243.40038227662154,0
0.5276228693097623,0.29129534634056636,5,122.70103815736812,20.202020202020204,739.1586918643873,0
0.561961251853416,0.17994405541592295,4,315.4207867526321,16.161616161616163,948.496006047146,0
0.4497285177529363,0.1396505381147381,22,333.04207788325715,15.151515151515152,954.7906025414032,0
0.1282721700821963,0.2032866566171082,24,24.0,0.0,60.62310084638438,0
0.45320761958458555,0.20681539994407788,41,204.46194991095388,12.121212121212121,851.636791438544,0
0.47349902633763863,0.06912475025888574,10,574.5659519723915,16.161616161616163,996.4878395869439,1
0.36680113070838105,0.19472809516114425,36,152.4166871337728,16.161616161616163,776.8210338381617,0
0.15391174640285402,0.2296361116123274,16,16.0,0.0,45.641026189295616,0
0.5020620143446405,0.18455289177591172,28,274.33536859441205,13.131313131313131,920.55325069629,0
0.5566103630834032,0.23348500902215358,22,225.22699621460586,12.121212121212121,879.9718428656283,0
0.3658437219332592,0.15335182247482815,5,218.4636350641485,26.262626262626263,877.0310581279037,0
0.4462565343433743,0.2087687087979478,42,196.49591009281716,12.121212121212121,841.4157118182227,0
0.2769684651872537,0.06425619136403858,44,439.3497777646615,20.202020202020204,979.9200993633398,1
0.5409645836923086,0.1823882404533766,24,304.44405768719423,12.121212121212121,939.9201112405469,0
0.18912238719991017,0.13797336856258074,49,77.05367833228011,21.212121212121215,547.7332733820055,0
0.5931000820537017,0.05532531253225585,5,685.3170067269381,14.141414141414142,992.9814109858768,1
0.3721139464183256,0.10801047617913241,43,363.44359645843593,15.151515151515152,965.3846678430288,0
0.23813935822528073,0.08382431185478585,30,291.19204904106624,26.262626262626263,925.6216873880021,0
0.17819530864836972,0.19620040902495534,47,47.0,0.0,217.65101698210256,0
0.4234649089042468,0.21409404087023765,28,163.89777275709878,15.151515151515152,800.420725866642,0
0.4507244104028153,0.248761887802741,3,121.69216531996253,26.262626262626263,738.3311876209548,0
0.428301115430319,0.17312943597827046,43,247.39634789312598,13.131313131313131,895.5930812389628,0
0.4316888536503898,0.1291801947595418,44,353.1299466666356,13.131313131313131,961.4991491737243,0
0.24550028285051181,0.12510304483239965,47,171.34470119724617,21.212121212121215,800.9389298658323,0
0.48651354346047304,0.22958348852011629,40,192.67699799669552,12.121212121212121,837.1268683744812,0
0.5035010612793588,0.1695768033740967,31,307.1836359517899,12.121212121212121,940.6555438256079,0
0.4873938736685748,0.18652114590157037,47,268.1323997153911,11.111111111111112,912.0944083286555,0
0.5818882475553444,0.05499059416741052,23,683.6618814447678,12.121212121212121,993.7572847372267,1
0.28795444659758107,0.06725193971252318,43,436.7673390874297,20.202020202020204,980.9629423718894,1
0.373971495302051,0.13951949369251287,24,267.8543671264529,18.181818181818183,916.1750041692422,0
0.2436648198121382,0.14395488689999664,1,98.855363224925,62.62626262626263,641.5679387999505,0
0.18455559703258775,0.15704793645802095,48,53.55804565511668,12.121212121212121,409.00360750910465,0
0.5575622086678134,0.24836186527631016,33,209.2279546396543,11.111111111111112,859.6128645470586,0
0.25151823533734197,0.16648865172077804,36,89.22286619185083,22.222222222222225,622.7094334930704,0
0.4341426074425174,0.13047428095507602,42,351.05863937287745,13.131313131313131,960.7945735460878,0
0.5683085929417745,0.1336518758423581,44,434.8968747302116,10.101010101010102,985.5192584891513,1
0.2883474808649621,0.24370945887877488,45,51.546163892985874,9.090909090909092,416.1576297672098,0
0.1445288842337182,0.07577947993915281,19,147.20652655396165,51.515151515151516,695.5649664034427,0
0.43903055153655235,0.2899865363748076,15,75.52821198312321,19.191919191919194,607.0979006492513,0
0.2782696527529738,0.1962965719239873,7,53.366892962452845,40.40404040404041,524.8277737258982,0
0.2940257002073525,0.26613581468411424,32,34.083936640274835,7.070707070707071,320.1010332040592,0
0.19102117825514828,0.10581050434190424,2,119.94917143470191,67.67676767676768,634.1070075178135,0
0.24893930374671383,0.24615184386434047,17,17.0,0.0,178.8974504325668,0
0.5357248964159413,0.2994678584701752,47,142.49178423379288,10.101010101010102,751.5907779431071,0
0.5467767014629451,0.2944281728310654,44,152.33367748392672,10.101010101010102,772.1000597281196,0
0.312769630620249,0.08793930035863236,15,366.32754544329435,23.232323232323235,966.6046472485584,0
0.5553218869080259,0.2514201359943664,16,195.18000843074736,14.141414141414142,849.1976097686792,0
0.2282987181834836,0.06859691063491107,32,347.80240151478444,27.272727272727273,950.1654070817175,0
0.10548757213760404,0.13656042625562836,3,3.0,0.0,12.329737129241236,0
0.20771416957465258,0.2883511183921605,21,21.0,0.0,67.38436277920052,0
0.27431405591796654,0.28587873686594145,29,29.0,0.0,193.23005746138514,0
0.271512395787337,0.09955431459666532,41,280.76394371744226,21.212121212121215,920.9014535275716,0
0.19098468494715523,0.23892703245057978,12,12.0,0.0,52.75748609982498,0
0.5928341964782652,0.23156834421476036,34,255.66798045370825,10.101010101010102,904.6964949641588,0
0.1579119032593713,0.1596439414302212,35,35.0,0.0,227.99511818039986,0
0.4601423711134647,0.16317929469721643,48,294.8509309715007,12.121212121212121,931.0635058061337,0
0.2809620590380927,0.24211248400413304,49,53.31878747452405,7.070707070707071,406.4679304014459,0
0.10006733290108652,0.16617099328819734,36,36.0,0.0,82.94637801342287,0
0.24437284046346888,0.13904069557960091,9,115.30672439867107,38.38383838383839,712.2069964372238,0
0.315580271912661,0.08416359434468167,26,387.81183888999203,20.202020202020204,972.9761345387044,0
0.5714141206556778,0.10667576270485314,18,503.3774716403554,12.121212121212121,995.1647207622242,1
0.2221074917566482,0.15831866812099427,38,73.482730136351,22.222222222222225,558.6346523854208,0
0.12702048826079818,0.2048404652066939,13,13.0,0.0,32.97047559823773,0
0.5599038125438622,0.1714252340521698,26,338.60790453741845,11.111111111111112,957.273034500222,0
0.10637181874074189,0.05606656162797245,18,144.94167498757338,70.70707070707071,540.458208468626,0
0.5000862887539732,0.1363285086608908,21,378.2815083486598,13.131313131313131,972.3274328668999,0
0.3947024860521673,0.06500172383380408,48,546.1391246399903,14.141414141414142,994.5559453312997,1
0.1316629733414025,0.22189987971315966,4,4.0,0.0,9.737638790036462,0
0.5844882580253264,0.0865125643833075,19,571.0747851015693,12.121212121212121,998.451315454142,1
0.10784654029051097,0.18386031907285372,15,15.0,0.0,35.0241542273588,0
0.14122416049969158,0.17990545267026575,35,35.0,0.0,125.11305682610907,0
0.22394286123689736,0.1520365087939473,12,66.36215760470843,41.41414141414142,560.1367774029021,0
0.14040324108568078,0.23390808701137705,7,7.0,0.0,17.19706763787317,0
0.457351587525198,0.18283084728671567,30,245.4633618352847,14.141414141414142,897.1708582723882,0
0.4913330594125924,0.22953261132861097,27,189.99445438027593,13.131313131313131,838.250647672385,0
0.4209580867561805,0.2768474629999463,34,89.37833839850214,14.141414141414142,628.5191958417204,0
0.1254821949678608,0.20153548651334902,20,20.0,0.0,50.081614638027716,0
0.18059155634476384,0.1863600607272431,36,36.0,0.0,221.08041154024846,0
0.38649091376861855,0.15262045172302263,10,242.15645761373167,21.212121212121215,898.0780590604946,0
0.3962361788393661,0.16190032899663986,16,232.0256263198065,19.191919191919194,887.9705245615539,0
0.3481690256959584,0.17506903188921547,14,158.55123138008867,23.232323232323235,798.3223072066189,0
0.14785861758046734,0.22543615766932512,45,45.0,0.0,113.51572844018526,0
0.16969654757105332,0.0651891325439271,35,262.0089760200689,35.35353535353536,878.2607462593999,0
0.3887743114652118,0.2378922581517799,15,96.78543124730872,21.212121212121215,670.8839738582852,0
0.2621428003969727,0.2994824335164367,40,40.0,0.0,179.74375983315966,0
0.11899856849685561,0.18423207640642353,24,24.0,0.0,62.74940922453352,0
0.49558017812496746,0.14135902228550457,21,361.8672765339443,13.131313131313131,966.9877997875823,0
0.3658770889893018,0.24537764137164791,10,68.10526930830892,27.272727272727273,587.518443217217,0
0.5740430756645232,0.10898911685315942,22,497.07052135239644,11.111111111111112,994.7483388109117,1
0.11985126682321359,0.0982409424035977,28,40.61046707233416,39.3939393939394,331.35751047294275,0
0.30219155648929064,0.17866443101707852,23,111.80370913318293,23.232323232323235,701.2202446698712,0
0.11474405550028452,0.05666546875338567,16,165.68482220792887,67.67676767676768,604.6810894072948,0
0.18925701635072753,0.0984544370196433,38,159.95301649695662,30.303030303030305,776.0560008385902,0
0.4245862722970434,0.2890202575582403,39,84.55383427102605,12.121212121212121,604.6916328931205,0
0.5959077700497476,0.10402130523799587,39,527.486520443091,10.101010101010102,996.7390166807008,1
0.33768350886264686,0.11306240777296649,28,308.06932538334485,19.191919191919194,941.2075958119306,0
0.3990680283366893,0.23976073192634328,43,119.49470849280044,13.131313131313131,702.9998041397648,0
0.593808299611568,0.27355406976571955,41,200.87522682850096,9.090909090909092,847.7175719166879,0
0.13240300425369492,0.22456484854107833,28,28.0,0.0,63.98457087557537,0
0.43769558000846787,0.2135123014276566,24,173.5881744071693,15.151515151515152,817.2407927396795,0
0.5427508784676714,0.1448994639175516,26,387.00629323292924,12.121212121212121,974.7017563002549,0
0.14207919687435286,0.1764075590760159,43,43.0,0.0,155.34330826810785,0
0.3674099176380077,0.15067055268158225,30,236.85194102584896,17.171717171717173,888.9216520034471,0
0.30248503466590215,0.10811632097184544,36,287.6978834121065,19.191919191919194,927.3975797987702,0
0.2084058058197211,0.27594729487760555,40,40.0,0.0,129.33054268779057,0
0.5200085565939679,0.10252062674685132,39,490.2722015975251,11.111111111111112,993.6654097843737,1
0.3854543910963055,0.11532418353135855,40,351.89687873379734,15.151515151515152,961.227737995432,0
0.160428901158322,0.21414665650186376,38,38.0,0.0,121.98647434938302,0
0.28299420996427294,0.16661867982338507,29,116.61367628715087,22.222222222222225,707.5124946622582,0
0.5708631747813662,0.20806469980319697,4,268.5590290122105,17.171717171717173,920.2511880647437,0
0.3866573887741237,0.12209046594478291,38,332.4709725138575,15.151515151515152,952.8400776706328,0
0.43513938154740095,0.23099853938905307,48,159.04585887362484,12.121212121212121,781.6279926631023,0
0.2914950431815013,0.20452784718296424,24,66.78247199973431,23.232323232323235,560.0966421400434,0
0.5973984411418453,0.057961149939466175,36,678.606607626529,10.101010101010102,995.5069934647688,1
0.44083404912310165,0.19094108874967447,6,207.06424918096326,21.212121212121215,865.0935767321879,0
0.1537621929312161,0.16573167242077186,44,44.0,0.0,218.76671443389898,0
0.4830820524296485,0.13517299198987542,31,371.99968315035704,13.131313131313131,969.6920137012702,0
0.35421973523823724,0.26534662370815293,35,61.17748189022886,14.141414141414142,514.1384543385627,0
0.10429016973770025,0.2909566202653932,28,28.0,0.0,42.79670117830965,0
0.3978246720269224,0.10413773112362455,17,391.06438373218725,18.181818181818183,976.0924072633718,0
0.4757204848608676,0.15640389105635122,17,311.07611706940384,15.151515151515152,944.3923186510359,0
0.2606365054382944,0.1738732201121299,46,94.25877081599798,18.181818181818183,626.4309614417344,0
0.3025437417877006,0.2524340782538712,27,37.38084975452151,15.151515151515152,389.6477122137083,0
0.49843207004799106,0.14806322836192803,16,346.87106565528785,14.141414141414142,961.299571011291,0
0.38918564783918574,0.21413626639451244,9,125.95969135882342,24.242424242424242,743.2408252979335,0
0.16193327751216383,0.18434359629893948,32,32.0,0.0,154.19565953517838,0
0.2657022616312218,0.2061821040506856,35,54.85280419207115,17.171717171717173,478.43908416677897,0
0.22872296183565674,0.2601977839355446,45,45.0,0.0,196.36963118395568,0
0.18142509606908205,0.13704170099145607,29,54.936670426433786,30.303030303030305,475.0238078341507,0
0.5853771605661043,0.18261393062295528,45,337.874716527104,9.090909090909092,955.3265090420431,0
0.2875671690724786,0.07026188492564027,30,418.516867447105,21.212121212121215,977.857981637962,1
0.5242386997817063,0.15214655639007973,47,363.7476527021678,10.101010101010102,965.8101048809733,0
0.2915899711438734,0.249606336798171,23,30.820453060997323,16.161616161616163,350.9877108465722,0
0.11873900459716732,0.10130938088825785,12,21.643612113108492,68.68686868686869,190.9122893258248,0
0.21799651792063754,0.22114431519581118,31,31.0,0.0,217.5208492430936,0
0.5792345151523808,0.10088241903160307,10,523.1388856483184,13.131313131313131,996.6194247005839,1
0.4296733339352282,0.2104477488864565,11,165.81499868315902,20.202020202020204,811.2474895781722,0
0.2993616024051242,0.1698730621383362,37,132.41677833856747,19.191919191919194,736.981721545489,0
0.5111401769903666,0.1043253966407471,34,478.2113441330935,12.121212121212121,992.4231486929447,1
0.3692946941388726,0.17713412019028507,4,169.85648391602743,28.282828282828284,819.3762698034294,0
0.28354697688137454,0.1241476089171225,7,203.5824544874667,32.323232323232325,858.6379226018905,0
0.38711636504284463,0.06559268389478136,48,537.1724412450105,14.141414141414142,994.2047310705617,1
0.3746027672835933,0.28579639711712157,28,52.29372308418898,15.151515151515152,485.62005386634723,0
0.15404527372481733,0.17933737653083537,7,7.0,0.0,41.11819243116138,0
0.5634067273753386,0.07347003243468365,35,608.4387821905659,11.111111111111112,998.3975136451113,1
0.5375527912970521,0.244503221125351,30,200.3389862268899,12.121212121212121,850.4701802147433,0
0.405534134397454,0.09001245452503474,26,449.3646556198979,16.161616161616163,988.0799830472328,1
0.1588507344992172,0.16186925519269524,1,1.0,0.0,13.39253273397532,0
0.46014332140972747,0.08905333902974706,24,493.30659653820675,14.141414141414142,993.7976722729843,1
0.5849203171232996,0.1943994785231497,8,304.153164877134,14.141414141414142,941.6510480700413,0
0.2145689343973934,0.2339029531319295,5,5.0,0.0,44.00968980178568,0
0.2094684897232804,0.2943744847167491,23,23.0,0.0,71.39004761341144,0
0.5505407972392069,0.23165488408427032,39,231.13575106311092,10.101010101010102,881.8080769943736,0
0.3237941667815536,0.17915183159878217,45,144.67645357618025,16.161616161616163,756.6301897936382,0
0.509376437522307,0.22225361236051716,16,208.5191615739835,15.151515151515152,864.236102950711,0
0.11207776827722679,0.11429410754503462,20,20.0,0.0,142.54354040038,0
0.4439503056138038,0.1799118089316447,47,248.18444271895115,12.121212121212121,895.3958931162673,0
0.4964048117739519,0.20899277003548578,48,235.2523679407987,11.111111111111112,883.1498071339336,0
0.2947537976683301,0.20812433915110434,43,79.18160352470728,16.161616161616163,577.2293602950891,0
0.10600139948262141,0.2652980688818812,10,10.0,0.0,16.50869283331464,0
0.14861349646483404,0.2728141499183402,43,43.0,0.0,87.59001774685498,0
0.1994600173636704,0.058061611001811356,19,355.18903344668337,34.343434343434346,935.9171194918569,0
0.5546034195979678,0.09331631366256622,48,540.0312066539324,10.101010101010102,997.2610333868734,1
0.5857487703231145,0.24753288061998513,39,230.02900875495408,10.101010101010102,880.3182382068037,0
0.35264532750157473,0.24451219699925258,8,58.29333684099022,30.303030303030305,552.2336507093028,0
0.2735374304764038,0.2024803528602916,25,55.85259890473655,23.232323232323235,508.6143629656844,0
0.4127333944414343,0.09316251894741061,29,444.9432385051629,15.151515151515152,987.3434581947745,1
0.2680347610546989,0.2357967571926065,14,19.943678284360427,24.242424242424242,284.36179833299366,0
0.5966983806500314,0.29123923721540274,40,181.13723210002183,9.090909090909092,821.7151811503387,0
0.5038028322032546,0.11261000069041995,9,442.6397982112552,15.151515151515152,987.9839428449541,1
0.49145805814185395,0.2843036551843554,18,115.15629235883128,15.151515151515152,714.3624073221798,0
0.5627773067193782,0.16693907425971433,38,353.86464640474935,10.101010101010102,962.5009672790969,0
0.45759566204428836,0.2158951829050122,26,185.9882567849781,14.141414141414142,833.5490233038229,0
0.4671611354562457,0.22628471371381237,18,173.20862378260153,16.161616161616163,818.9134686712891,0
0.1595124879714924,0.19368041372388217,6,6.0,0.0,30.624735907381734,0
0.18492255996753496,0.183662030705883,9,9.0,0.0,112.44046926343935,0
0.26901356317523717,0.0726091962680619,22,382.29302637104274,25.252525252525253,967.6743192854748,0
0.29008092787252426,0.07144205429832999,23,413.89906887383665,22.222222222222225,977.1117943359853,1
0.36859339026770355,0.08714474818512465,11,424.75311671747284,20.202020202020204,983.4156138160037,1
0.5427053187872731,0.19087023066866626,21,287.1830640333395,12.121212121212121,930.5425144127769,0
0.5130527701183155,0.0861962351110437,41,538.577195168509,11.111111111111112,997.0450855151607,1
0.5266024058652263,0.07222648797728067,36,593.8253840171466,12.121212121212121,997.9836010009342,1
0.2772530760761025,0.22492845372009113,33,46.27138087480321,15.151515151515152,431.0948746986949,0
0.5024762903954926,0.2549731618291532,7,151.8608696349102,19.191919191919194,791.1486765347073,0
0.5085906410773596,0.20559079278759534,2,229.78297176155547,22.222222222222225,889.449103544551,0
0.2308208668582429,0.19013645500198856,37,47.58931395291838,15.151515151515152,421.3696569638838,0
0.4998989910534707,0.27208802341933563,28,140.0820931099195,13.131313131313131,758.9677484892031,0
0.31863236740326273,0.12788783112215218,14,237.85564722931124,24.242424242424242,892.9719478535138,0
0.49892105412326415,0.19584681007754756,40,255.8892355465556,11.111111111111112,904.044207589094,0
0.47920393428883756,0.06650386155098213,18,588.8117996479394,14.141414141414142,996.5508057807657,1
0.4545711765302446,0.13119057882735446,37,363.5168314264948,13.131313131313131,966.0996005769582,0
0.4709834500848874,0.05228655476170334,20,646.1110417988461,15.151515151515152,990.7725007512449,1
0.5164951375699833,0.08581932233766547,33,540.9501610813873,12.121212121212121,997.1605337667596,1
0.24536324915773208,0.28348077379525916,9,9.0,0.0,55.03601969751539,0
0.4766609074849405,0.11826532179048559,25,411.3545776840112,13.131313131313131,981.2610019432701,1
0.26468673204033255,0.17691219943578973,5,65.6787622705377,45.45454545454546,571.7049680638634,0
0.18037190136393508,0.25204340024208005,2,2.0,0.0,6.9501280006186885,0
0.2576292774669563,0.26527921341996036,10,10.0,0.0,107.85230846066023,0
0.4616188416366227,0.1505501705822575,25,316.70563850158845,14.141414141414142,946.4462643606836,0
0.18982672066030495,0.17759077286692682,41,41.288744492253144,3.0303030303030303,310.331092631864,0
0.4690089559666951,0.1124927124784471,4,418.6303839014681,19.191919191919194,983.3368357542311,1
0.5950401248686266,0.18677749133341365,33,332.86873840026493,10.101010101010102,953.6594749315178,0
0.5834062661265716,0.1538783051502734,41,395.33409333845424,10.101010101010102,976.3254106530958,0
0.5859128584504915,0.14773585451287136,27,406.9147555539467,11.111111111111112,980.0386249498487,1
0.4799068573116714,0.14203365593719042,11,346.9585381994779,16.161616161616163,961.5945458129645,0
0.4497045651916123,0.24963633732107554,20,129.32297379114885,16.161616161616163,742.9869050934001,0
0.26125018867732186,0.07939277931420556,48,348.9991472493068,21.212121212121215,955.999609786446,0
0.3051757655641075,0.08997480451880409,45,358.6328838612257,18.181818181818183,962.3693307727356,0
0.30801999600614394,0.23478765228151732,8,36.935764379264725,36.36363636363637,444.2635367149811,0
0.2779635472738947,0.05560193789847827,29,483.6871880019318,22.222222222222225,980.9925642242025,1
0.45455572999214267,0.08394084113140009,46,511.3096753747588,12.121212121212121,995.0535392191434,1
0.4702070675905148,0.15066798368161144,31,324.9830212052634,13.131313131313131,950.0188160184895,0
0.3773296879877439,0.2644381255646165,22,65.57439801977907,18.181818181818183,560.2057382661194,0
0.5218299041976805,0.1571345670854759,3,337.9194018961637,18.181818181818183,958.6811581425424,0
0.4837357456457483,0.17059574352938395,37,293.0645245752536,12.121212121212121,931.3345930519198,0
0.4905187187054959,0.10711337508401196,9,451.1413169816355,16.161616161616163,989.1721479551551,1
0.1752873358469221,0.15488264415237768,24,28.519228483857514,21.212121212121215,298.26338877083623,0
0.5795468560771402,0.19795969600058505,31,301.27568793460716,11.111111111111112,937.7686873737293,0
0.27919936995667505,0.23267471923089422,36,45.27541656471167,12.121212121212121,410.7312944885594,0
0.3877539728447317,0.14574834813460746,2,256.7337308325896,28.282828282828284,911.5079709345688,0
0.5635955555461788,0.2385390814990228,25,223.2170183832988,12.121212121212121,877.3168280809908,0
0.19057083535677607,0.22557792489938505,41,41.0,0.0,167.38454076684647,0
0.10547085687958105,0.08924517899077937,5,15.411983813545573,100.0,90.25902938917909,0
0.12276808435891814,0.09438457042891855,38,58.845031651649556,35.35353535353536,428.2564516441324,0
0.3916685059542807,0.16958004429831236,34,219.41610817417282,15.151515151515152,870.6613325880028,0
0.20858021070330854,0.2562604809827815,1,1.0,0.0,5.260751802376789,0
0.17452364835351067,0.24515740183484563,41,41.0,0.0,118.70430935851756,0
0.2925603944275411,0.16923292236322907,31,123.11289357696987,21.212121212121215,721.0387860407743,0
0.2296710174441036,0.1534453007396414,14,71.85025989673606,37.37373737373738,582.6092770754223,0
0.5360686180791183,0.08264425233371413,29,561.579554120544,12.121212121212121,997.9351880775472,1
0.15160702429634518,0.29755374363274795,45,45.0,0.0,85.89256990756685,0
0.4825451847633072,0.2752529935839232,46,136.08306668657323,11.111111111111112,738.7075789034642,0
0.37803534390941906,0.20362222931451324,42,151.0375115847174,14.141414141414142,771.0763259391529,0
0.33499941294819646,0.06562873415322783,44,493.5398280392272,17.171717171717173,990.0014042898563,1
0.42573286545888067,0.29476263703177336,22,68.43045117426333,16.161616161616163,571.6891549356905,0
0.5162585229657509,0.08815709223261965,32,532.8636927421937,12.121212121212121,996.8055827808257,1
0.2647588872954959,0.2487390840314453,1,2.761028780973461,100.0,48.26000849306364,0
0.5417835133535145,0.16444237178873744,37,345.726201910371,11.111111111111112,959.1445372778268,0
0.4822832556878267,0.2410353687653073,20,163.65481860530278,15.151515151515152,803.7617480721608,0
0.46116015784595255,0.23229079266072605,6,153.85642347479833,21.212121212121215,794.8345018536367,0
0.515442506832591,0.2062933514820129,47,251.8697007820971,10.101010101010102,899.2336221289339,0
0.3042062520293538,0.0710669686030707,26,432.8138701278073,21.212121212121215,981.5857800722014,1
0.3664500802545375,0.05189477885368417,43,587.7713460868972,16.161616161616163,988.9300409576041,1
0.5595251881515725,0.14534933622345608,12,392.6035916710145,13.131313131313131,977.0117178714015,0
0.43707230007759845,0.26516708268184963,39,114.10058005951947,13.131313131313131,693.6986154520912,0
0.5751731623932204,0.09677155270384001,14,532.5189170492483,12.121212121212121,997.1862277350715,1
0.13026591894604336,0.22868327389949783,18,18.0,0.0,40.26844904474571,0
0.20083336245174963,0.22859118512969512,2,2.0,0.0,14.750999497340892,0
0.3011369379418748,0.21699463444982486,25,61.52017807474261,21.212121212121215,536.4093493070684,0
0.3665662595277861,0.21256806792770483,7,108.11376212324242,27.272727272727273,705.8561202960518,0
0.17093428816053638,0.14263884706107144,39,47.71960635429471,18.181818181818183,400.920475981637,0
0.1731848811998767,0.05180294551561955,26,347.72974678393194,37.37373737373738,913.9928490542411,0
0.3730881495719467,0.2518178807789454,12,67.82534542858225,24.242424242424242,583.8728869569176,0
0.16714421283345018,0.1801771150984367,24,24.0,0.0,149.339586442533,0
0.3235842279028771,0.21020050518952493,28,88.56471626749517,20.202020202020204,632.9684552528869,0
0.5320899679190806,0.2215289733927046,48,239.32256162391604,10.101010101010102,886.8919211614199,0
0.14664095976274102,0.2420397619493045,17,17.0,0.0,41.27750187233113,0
0.5488691725595225,0.1365534662537043,11,407.43640317819006,14.141414141414142,980.7948695603712,1
0.12731527037586557,0.2472195127523032,43,43.0,0.0,83.08347029901472,0
0.5173993306807699,0.23724663502303572,8,187.55961404582948,17.171717171717173,841.7923332869428,0
0.14038440636921004,0.24838797363541676,7,7.0,0.0,15.862590295562937,0
0.5976320658198024,0.0749311576211784,29,616.8983974996767,11.111111111111112,998.6760992078235,1
0.4569238843856378,0.0792125712878131,3,523.1227148167806,20.202020202020204,995.291892537686,1
0.3803250814683501,0.05995533952323047,32,556.1348615570369,16.161616161616163,992.8381155601498,1
0.31864276441866546,0.2662087114374973,48,55.430999212835296,8.080808080808081,432.9252112134309,0
0.3317498810767694,0.19469492338415545,7,104.39941121899955,30.303030303030305,696.4555108092027,0
0.46920256385610115,0.06368989065527224,9,593.3347831760965,16.161616161616163,995.4523609457192,1
0.5858468696890523,0.08615498998415545,36,575.650888532288,10.101010101010102,998.5529546080738,1
0.588315777584903,0.2330728947985466,23,245.6080818519158,11.111111111111112,898.9813014927284,0
0.46404916944425534,0.07735398855939586,25,538.8158810732558,14.141414141414142,996.4369653657577,1
0.32760267955162015,0.18016865671226306,31,138.52860715473957,19.191919191919194,753.8041708352961,0
0.5743321720881776,0.09882761783982648,39,531.5288671693833,10.101010101010102,996.9459766833756,1
0.5588390538581567,0.10318723512303822,35,509.41830081238635,11.111111111111112,995.5083470626133,1
0.3036982559412785,0.15797456178533054,31,156.10980465121804,20.202020202020204,785.8165776109362,0
0.48229440618386354,0.2564524719810551,34,150.56793348301642,12.121212121212121,775.1664255220219,0
0.45929723224124686,0.2692831677706638,20,112.50851254237391,16.161616161616163,706.110011515053,0
0.4313305917779482,0.07403728735165456,49,534.4537338145018,13.131313131313131,995.7556089959497,1
0.45153805259771473,0.19343640050023803,36,224.1555215002063,13.131313131313131,874.9473969157693,0
0.5663277380227747,0.2908899229204098,49,169.94740156082477,9.090909090909092,799.4442122231202,0
0.2885272849226955,0.09075455573426787,22,328.6396566688994,23.232323232323235,950.5370640246315,0
0.5182781664799546,0.08008663839802203,44,563.7812536543487,11.111111111111112,997.8253910094603,1
0.3019474357516786,0.2439206740684045,40,52.746486225662686,12.121212121212121,449.4797393255386,0
0.27436553597817415,0.256582160500847,20,21.040311490610286,8.080808080808081,245.7479213712003,0
0.10348610478019868,0.2118488261704387,42,42.0,0.0,77.66316606721135,0
0.2348811493555021,0.07641731462042552,7,311.60491829464587,36.36363636363637,932.1177079156341,0
0.5717960314659606,0.22418745454324462,29,252.358245766158,11.111111111111112,902.9365630377339,0
0.560886752704402,0.0765111589722584,4,590.9120517655889,15.151515151515152,998.0933249670477,1
0.5706605013144516,0.05503973069123501,26,679.2787969079174,12.121212121212121,993.7986096378685,1
0.2875093810658643,0.21917436227941833,7,36.14041616961663,41.41414141414142,436.75397293300875,0
0.2411850337146094,0.26333323374268686,29,29.0,0.0,165.36228965923598,0
0.5790183439903633,0.2610891190601228,45,210.23993574434874,9.090909090909092,857.3564222386887,0
0.521951222209788,0.10304724391509366,34,487.6243223182928,12.121212121212121,993.5879027658052,1
0.4831965046534138,0.13327307063039445,49,382.5994029781529,11.111111111111112,971.9424457652241,0
0.3071360923518094,0.0730091562516129,25,426.7461739324454,21.212121212121215,980.883673462977,1
0.16279378829775845,0.22587437033308722,12,12.0,0.0,40.20878220100389,0
0.45018489691261165,0.19675405061254903,29,214.06001408987112,14.141414141414142,866.1814058709934,0
0.3096226996262036,0.21479912237556392,2,53.97171371138784,50.505050505050505,532.2062706603507,0
0.2597187037395461,0.09640937153076161,32,272.8281308685782,23.232323232323235,915.9137114193579,0
0.5352851664617647,0.19515274636109642,35,280.5270486360438,11.111111111111112,923.327882810364,0
0.28036485647036724,0.10842591447655568,18,252.76405531371392,25.252525252525253,903.7796589056998,0
0.5767157892487021,0.09301187433351281,33,548.5284572087978,11.111111111111112,997.8015284886352,1
0.5261565491421383,0.1500270903226666,34,366.3298876810544,11.111111111111112,967.5368253005855,0
0.26304330509795015,0.1645880196984444,44,109.05715633459663,19.191919191919194,673.7187583270847,0
0.18199455207492485,0.15474980167879004,23,31.592179795558295,26.262626262626263,335.3309259859512,0
0.2577169441968157,0.06802553267421586,43,396.00935616511964,22.222222222222225,969.9118806645939,0
0.48260001350087145,0.23796144858396218,13,164.62015839555406,17.171717171717173,808.4658109844551,0
0.5649949521266576,0.14735532683664254,14,392.0857769971323,13.131313131313131,976.6854983858669,0
0.5369457745968019,0.11829196281544123,7,447.9589393629944,15.151515151515152,988.7839107482209,1
0.41526275794064893,0.1433476016924668,40,301.50796158115406,14.141414141414142,936.235593319945,0
0.5085006303535409,0.20888556694321853,9,226.85201348185828,17.171717171717173,885.0957793427655,0
0.20432630307712477,0.09635447401866172,23,184.8735195321767,33.333333333333336,820.7978785507912,0
0.21800550024999885,0.08069387505477295,47,279.76702087482334,25.252525252525253,913.8720646484528,0
0.3662571984886147,0.10796261443477752,6,346.73459965665796,23.232323232323235,961.3763447633381,0
0.5481659170169882,0.11523137911872007,17,464.5515948770279,13.131313131313131,991.1429009893552,1
0.2457987299824482,0.13927292207683412,30,128.6998009411755,26.262626262626263,731.9208785786473,0
0.21782171974430328,0.23813182262671273,1,1.0,0.0,9.826361790662963,0
0.5253532750056303,0.07161138325064913,38,596.0898704032597,11.111111111111112,997.9494799826932,1
0.5688886508432911,0.2214644102964783,43,260.3048631451504,10.101010101010102,906.8359106433815,0
0.14466448836461102,0.2552612583455884,9,9.0,0.0,20.38016993765147,0
0.24397027025571497,0.22259540937416467,36,37.40692850099497,6.0606060606060606,322.34985460480834,0
0.5410592457077571,0.11992969920274847,34,452.0278401848295,11.111111111111112,988.8115591777454,1
0.5631176866353611,0.1292279513545992,23,436.8338772039204,12.121212121212121,986.7236532194642,1
0.5189591659471687,0.08952847771630977,32,529.6850122769221,12.121212121212121,996.6721711406665,1
0.31245199248102007,0.09151323114071692,47,361.12767137875096,17.171717171717173,963.5515560963316,0
0.29109859123312254,0.2563524384437099,38,41.528664033357316,7.070707070707071,362.15994071282626,0
0.4933467686891927,0.11042284928084815,34,448.77966450425635,12.121212121212121,988.2429066811906,1
0.4697343926734123,0.13689668275575523,10,351.3942611187065,17.171717171717173,963.6989937260092,0
0.5604371814447907,0.14109368367048059,43,412.0498776760076,10.101010101010102,980.5197165403242,1
0.4956192142173932,0.18954597577854992,24,258.9331292383603,13.131313131313131,909.4995978052777,0
0.15945816726705273,0.18858839429992325,17,17.0,0.0,84.39487410659689,0
0.10800089708153418,0.053590972698388986,14,163.0455133388307,73.73737373737374,546.8243268096795,0
0.20871910621022718,0.254052854430465,3,3.0,0.0,15.975802987863469,0
0.47991291073189246,0.18717139668199895,27,253.10365637129348,13.131313131313131,904.2308439670079,0
0.3923490833608495,0.0747914813610034,12,495.492468563533,19.191919191919194,992.499091071172,1
0.23542233589123554,0.16343334620701222,2,53.7937138133565,66.66666666666667,474.12293707585695,0
0.48442392055163475,0.25129319205402156,8,144.92499520583362,19.191919191919194,779.0462966089096,0
0.29999405992862416,0.12348102222303249,14,228.64418378101462,25.252525252525253,884.178855873706,0
0.1467259389007071,0.24142432047940027,11,11.0,0.0,27.234303232207274,0
0.581358901307433,0.22151131623992842,44,267.3260297666274,9.090909090909092,912.9241286284431,0
0.12878150458944507,0.12811784512312963,25,25.0,0.0,188.2935458551166,0
0.11399015798964032,0.08946613857199247,14,36.07277782500386,73.73737373737374,259.3965234036304,0
0.10796359645266293,0.10714892337103747,6,6.001172194166494,2.0202020202020203,58.27168812349129,0
0.2219569367777912,0.16528383040054323,31,59.237505594342494,24.242424242424242,506.94131567631644,0
0.2622212641176038,0.07526009870154911,35,364.71318937544646,23.232323232323235,962.0540776776461,0
0.591475003511435,0.14342137503102004,14,417.140579690824,12.121212121212121,982.8738318939215,1
0.12385627724761053,0.1151953288099311,23,24.14467875873365,17.171717171717173,217.0183054522871,0
0.4299599349805798,0.2620723493845228,25,104.0838689703962,16.161616161616163,680.9904284922496,0
0.4827194285609564,0.12572066609468552,10,391.76831306491835,16.161616161616163,976.669769371124,0
0.3319805445573002,0.12293263690160587,17,267.92325668400196,22.222222222222225,917.0392780877343,0
0.5728860810537583,0.2636761872781807,7,185.8256810142069,16.161616161616163,839.877145695449,0
0.10211071191118357,0.18908889472280466,7,7.0,0.0,15.021389427981104,0
0.20513421439247917,0.25839959940506274,33,33.0,0.0,122.81240584689476,0
0.4199785172550998,0.2561371032738521,40,113.42007997648142,13.131313131313131,690.6214277538423,0
0.1411386195220711,0.261529937118489,10,10.0,0.0,21.33119978007484,0
0.5697352544899027,0.12257254978596425,31,460.5706042377867,11.111111111111112,990.2658996445773,1
0.41075249131560276,0.2240034599697877,27,138.9125015688584,16.161616161616163,757.3199809244827,0
0.49251543423193356,0.06753678169366158,14,591.4610088705556,15.151515151515152,996.8061028454146,1
0.26451677725803846,0.236157114728897,17,21.271667579576427,18.181818181818183,280.6864048834843,0
0.5952230800756375,0.1353900275043307,35,443.82160213431786,10.101010101010102,987.4257359150592,1
0.19056913246297177,0.2880892650396735,30,30.0,0.0,79.9920474458378,0
0.36438513369496184,0.22480621104586707,34,106.42523131218243,16.161616161616163,678.1519015422638,0
0.3070235442359962,0.118678475001247,34,259.1134414650641,19.191919191919194,907.1516197307789,0
0.13928653969504487,0.2852466442143502,9,9.0,0.0,17.36984998407682,0
0.3550654792087624,0.11334207287263108,6,318.00632287952834,24.242424242424242,948.5845616699669,0
0.415015867335338,0.13360714446909416,22,320.34189601317007,16.161616161616163,948.577810086643,0
0.4363534164786158,0.21063388965693658,38,184.3483585175271,13.131313131313131,826.3193282845624,0
0.24453301070951802,0.27634442599987086,40,40.0,0.0,184.77192714097387,0
0.14827891970317844,0.11708578370130417,29,47.103518382991076,34.343434343434346,406.250819231044,0
0.4508591804361929,0.26875104449615933,13,103.31390208642048,19.191919191919194,689.6263655196337,0
0.2959825312533828,0.27209614755087397,41,41.82169440970678,3.0303030303030303,330.45886501217296,0
0.37931434818553833,0.24928722234590428,39,93.06476943403806,14.141414141414142,633.4125299680032,0
0.573183670964856,0.06143387167078947,8,653.9618536024564,14.141414141414142,995.926187314625,1
0.35689382910947,0.05958310795075002,38,540.1169153592076,17.171717171717173,991.6897480411994,1
0.30154128659889634,0.22776638508458408,42,65.12282820477853,14.141414141414142,515.9878773357228,0
0.48042411262238727,0.17709354396751165,49,281.9928980647824,11.111111111111112,922.0383140010645,0
0.5995862782787758,0.28767246624481235,41,187.5942152363285,9.090909090909092,829.9602350606049,0
0.48166751364399507,0.27953192116071934,26,119.12034451180529,14.141414141414142,716.7281173153441,0
0.12392771959142015,0.09172050386215168,38,65.81994020064025,38.38383838383839,460.8973300023936,0
0.4379728447572262,0.2991771615387255,6,60.65365132907848,26.262626262626263,565.6856045061068,0
0.47404903094978545,0.2719500937644218,48,135.56727662923305,11.111111111111112,736.1648938717192,0
0.559579554667132,0.15576621259487605,32,374.508365871471,11.111111111111112,970.3515574488317,0
0.12046732765734267,0.06116752169239352,40,168.82900075102884,47.47474747474748,703.9314254512063,0
0.5617454796063022,0.2518182740489014,13,197.90630745201221,14.141414141414142,852.692626422684,0
0.2015268153177249,0.17993260445032705,42,44.267436535935005,8.080808080808081,354.6150033016891,0
0.19577135388236475,0.2164186072540224,5,5.0,0.0,40.03792842212468,0
0.44843101865722645,0.1799851896508054,49,252.31302708904852,12.121212121212121,898.6499338042407,0
0.45130624651959517,0.10694384433135086,42,431.21794104968063,13.131313131313131,984.8722756269143,1
0.263084439063634,0.15554359829390535,20,109.99280959704603,28.282828282828284,697.3826606855642,0
0.1199377486574886,0.1309303743217357,43,43.0,0.0,204.23585432708606,0
0.2951494177753924,0.07063554257057435,49,430.0364270923813,18.181818181818183,980.7513581647037,1
0.2997612806661304,0.2954986989243525,43,43.0,0.0,278.45469381402256,0
0.27550167901519107,0.12342413928743219,31,206.2273355221625,22.222222222222225,855.7299914685402,0
0.4857271995663581,0.23585864126555423,38,182.4025915883568,12.121212121212121,823.560154495158,0
0.34519583041299984,0.2570585485732272,43,68.51348495380533,12.121212121212121,530.6811985107079,0
0.1006261268555331,0.15399187946601361,25,25.0,0.0,66.22979916787808,0
0.1979141486619945,0.29303897221244923,44,44.0,0.0,116.09519770562488,0
0.5444700699112487,0.11849741382057798,34,458.00929715831285,11.111111111111112,989.7348987691705,1
0.29879191980117703,0.08445641153235149,33,369.66179348172386,20.202020202020204,966.5564464293205,0
0.348542532410427,0.1395954604504835,16,239.463314827688,21.212121212121215,894.3290509585564,0
0.19610909392196987,0.2679953852061345,24,24.0,0.0,78.44001194097648,0
0.41986882332094955,0.17815267356942105,32,225.35914446913716,15.151515151515152,877.6500741495722,0
0.45322721300588187,0.2897485633730888,24,90.21474899051213,15.151515151515152,643.0355676970061,0
0.5320537520740807,0.10901101149081265,46,478.3944170468058,11.111111111111112,992.4212382136777,1
0.37841814212582836,0.08107541808669967,31,462.32844275526685,16.161616161616163,989.2775810209359,1
0.12419386787430445,0.08967504668469976,49,79.07853652537558,32.323232323232325,511.0290826151089,0
0.5532116721095429,0.14085884645736874,43,408.0614732048228,10.101010101010102,979.5713526132498,1
0.34598865002557944,0.21124082409134276,38,111.86392944130198,16.161616161616163,688.4268395323662,0
0.10908687883072218,0.264798333124538,26,26.0,0.0,43.168159329245945,0
0.3188623671919174,0.18299062173861025,30,124.84790786591573,20.202020202020204,726.1412269895476,0
0.4500952209955954,0.18644490212326703,29,232.8807236348835,14.141414141414142,885.4811499041944,0
0.42751203897066226,0.14436332383171457,22,302.81755849242774,16.161616161616163,939.4137700506172,0
0.19643054174070676,0.14955626334316363,7,36.39996121214036,59.5959595959596,376.0453551338495,0
0.39114685308359654,0.06680518734110712,15,529.9139638707554,18.181818181818183,993.5144821756127,1
0.266361023093296,0.16016346612164722,39,116.72498425598343,21.212121212121215,698.7537244748511,0
0.12118999080449042,0.24998034949297337,41,41.0,0.0,75.43999012401873,0
0.33808521880514564,0.11306146590918371,23,306.6542428111664,20.202020202020204,941.0446645648361,0
0.31474887360984927,0.2252676029308232,5,48.48758316321715,40.40404040404041,510.08687474903206,0
0.5859852304314234,0.14816095465298829,34,407.99037758885066,10.101010101010102,979.9641006725694,1
0.13433110977493493,0.17623715402052775,42,42.0,0.0,136.6100293317402,0
0.20633995340742786,0.12169603747465564,45,125.96545604400649,25.252525252525253,710.4241437706424,0
0.3011499811571293,0.15080677463339298,48,177.4564104378435,17.171717171717173,811.488348399915,0
0.3510188438506161,0.08480973972779828,10,417.53508057100805,22.222222222222225,981.3912490757167,1
0.412634257961082,0.1799141368815696,37,218.4688171265617,14.141414141414142,868.6461409696673,0
0.33250302784277397,0.21073199129528336,7,81.60920886082711,32.323232323232325,634.5881174156136,0
0.43809842835004065,0.054903264630760826,44,619.368262362534,13.131313131313131,992.8166738825587,1
0.20855294156839368,0.15226975263126719,27,60.20613705377507,29.292929292929294,515.2830732519537,0
0.15074347196481006,0.18311198375312887,19,19.0,0.0,85.171381824666,0
0.31744533170543343,0.21956142754811947,26,71.56574136280982,20.202020202020204,576.544164961561,0
0.38918848596348865,0.14134919699759363,1,269.3242190027268,30.303030303030305,920.5009517333407,0
0.2467390186883737,0.0620866203256631,21,406.5126015828245,27.272727272727273,967.7369842656536,1
0.30840246940425087,0.29379791003702826,15,15.537323298151403,7.070707070707071,205.9896965291696,0
0.37984792473846907,0.2764646331305496,49,77.46444617483522,10.101010101010102,558.4777683228936,0
0.26888074309783994,0.2981560922697797,20,20.0,0.0,122.17523525325457,0
0.1053466807954255,0.21931419277807085,24,24.0,0.0,44.76024070745555,0
0.473181536891102,0.21355613139958074,28,201.9467478674592,14.141414141414142,853.2342403691495,0
0.1961017918379048,0.05636933986797689,39,365.53569874362864,29.292929292929294,942.7728240936792,0
0.4715150281613014,0.20989625056374372,38,211.67632332032485,12.121212121212121,860.9219943976018,0
0.4570895290719794,0.1710988536270422,10,261.27172193991424,18.181818181818183,913.8040591870069,0
0.10302043921564422,0.22200408508762393,42,42.0,0.0,74.59366662463282,0
0.3064852640310294,0.08743021836790281,39,368.16584849439414,19.191919191919194,966.1756118246545,0
0.10796480499500036,0.07743936332544975,48,79.66200171440067,38.38383838383839,483.46354265529845,0
0.2201910382854599,0.13998413639031776,11,83.31941951018925,42.42424242424243,617.9905690990341,0
0.531506478076931,0.2710353091159025,24,158.93221065496436,13.131313131313131,794.5050275487174,0
0.5686595318329923,0.055403993091101014,44,678.597554465487,11.111111111111112,994.3210265238027,1
0.45757477163861193,0.07709373741081209,41,538.083641073442,13.131313131313131,996.382863375043,1
0.1604467035531051,0.2892198761895963,11,11.0,0.0,24.175345082899586,0
0.27795267349266983,0.2835497230917797,4,4.0,0.0,62.11172093205242,0
0.310943283912943,0.11305933208814346,43,284.5096693291736,18.181818181818183,924.2606657469826,0
0.5380668048778151,0.1156255607444079,11,457.0177028286984,14.141414141414142,990.0744509347651,1
0.14970258598918226,0.21263572363040567,8,8.0,0.0,25.945265741707207,0
0.4915292659325067,0.2567550820711266,17,147.07181907036278,15.151515151515152,778.5610000804006,0
0.10379658077392492,0.24932493834379676,24,24.0,0.0,40.19682782348937,0
0.5327982327305815,0.09333367306184097,42,526.9858983617992,11.111111111111112,996.5391804182619,1
0.5595617224934669,0.13990127635125577,8,404.9725968037723,14.141414141414142,980.325530919432,1
0.58179713443569,0.08861950495826355,33,564.4022904284975,11.111111111111112,998.322065608475,1
0.12099787571910461,0.10243253312646798,4,14.640813546220375,100.0,93.37732399187553,0
0.20276843105929696,0.05898751769900733,48,364.15601571907035,27.272727272727273,947.471938247035,0
0.3885577705396387,0.07529888701826735,21,492.28242402073795,17.171717171717173,992.3578551371968,1
0.5460301671176724,0.29387473820185583,43,152.0041947101626,10.101010101010102,771.9788100807804,0
0.20490410420914093,0.16207254704155383,17,37.113837085033765,36.36363636363637,401.2643889175002,0
0.18000450786743036,0.11487597474528048,8,80.29860013589916,57.57575757575758,561.1513859279506,0
0.5033117856718621,0.16742409818417509,10,304.23470119416965,16.161616161616163,941.6110262527285,0
0.14560339727171498,0.24423870274152532,1,1.0,0.0,2.46972908458656,0
0.40546896562915713,0.17000406667789786,38,232.39901809116947,14.141414141414142,882.8419201127239,0
0.13704645615444913,0.24192629731323312,1,1.0,0.0,2.3016717870470207,0
0.5310805933108257,0.2466965810278005,33,194.44617937694707,11.111111111111112,842.2453150969849,0
0.2593420993711737,0.2474469471063407,42,42.0,0.0,300.97691487656476,0
0.11005135158354398,0.18098269512917342,44,44.0,0.0,100.85402672703859,0
0.3322103037374695,0.11476754605806798,44,302.68612503119465,17.171717171717173,936.0961572534059,0
0.48727873186452664,0.15591631162834296,38,327.7393517406811,12.121212121212121,950.6980702783866,0
0.15090293638142746,0.10419325298628389,39,81.24968469489649,33.333333333333336,556.739101037471,0
0.5593996696722696,0.05493863015990759,9,674.7367543525269,14.141414141414142,992.892177959478,1
0.3222946238982387,0.14981417045759737,21,188.86104459330096,22.222222222222225,838.5891134198673,0
0.5019607183794803,0.05422100349451324,24,653.8643226177488,13.131313131313131,992.6990577425757,1
0.46584913152650187,0.20828035930055244,28,205.53061155269333,14.141414141414142,857.057756765838,0
0.46617388441105967,0.24180105533328716,19,150.6771888213506,16.161616161616163,783.3259368389578,0
0.3962951634586467,0.19851789088868382,37,171.52546426680863,15.151515151515152,808.1107984548573,0
0.5077483193704639,0.2946422651144986,15,112.66675848684442,16.161616161616163,710.4378627976099,0
0.40318086238229756,0.2883100488887832,7,50.13044090952624,28.282828282828284,519.7831162648475,0
0.5967198523541069,0.26729504471198423,43,211.77885708984718,9.090909090909092,859.5378817764482,0
0.5786758985996129,0.13045312010726867,10,440.7491537127153,13.131313131313131,987.593589694242,1
0.4626869456748923,0.2643356304538897,24,122.70569290358762,15.151515151515152,726.2252550769432,0
0.5552908533069579,0.23922129742738807,37,221.8312951442557,11.111111111111112,873.1040187515165,0
0.2668163369266674,0.28352075654074055,45,45.0,0.0,233.0072420498456,0
0.3766466935882429,0.12071256784329916,15,319.52112468948707,19.191919191919194,948.7913600578061,0
0.13139533804413459,0.28199186101391516,21,21.0,0.0,38.329548176508595,0
0.3680166032119564,0.12407624588702425,22,303.747528015957,18.181818181818183,939.5810817577982,0
0.3165864373850993,0.20717803025955267,27,85.98922965252027,20.202020202020204,625.8571390235109,0
0.5212482959993892,0.24229131795104242,3,180.3039266618411,21.212121212121215,834.3692555734881,0
0.282970530026714,0.24201573587760045,21,29.170894824158058,18.181818181818183,345.3132047471765,0
0.25682737153992474,0.19807098589856642,16,40.86344719309172,31.313131313131315,444.5338546002706,0
0.489034447624793,0.07088541435425104,41,581.1654821124854,12.121212121212121,997.4252548753666,1
0.5677003790320739,0.17760957367846902,31,333.13219086118687,11.111111111111112,954.0896210195742,0
0.2756791786120255,0.2505638866918913,13,16.17403998874265,20.202020202020204,242.6169730384072,0
0.23368975263644678,0.192624787380352,32,43.23563780924348,17.171717171717173,409.61311102191024,0
0.46163209069406863,0.2708659069590743,44,126.72848905655465,11.111111111111112,719.5227936792286,0
0.5837261261098405,0.2746935116746638,14,180.8348828334964,13.131313131313131,831.5586545865131,0
0.24463738003307303,0.2587777313661205,38,38.0,0.0,214.36756336766595,0
0.21177732285220854,0.11263721765811387,1,132.8374318127064,66.66666666666667,680.9751135675003,0
0.1903111427978562,0.2837821414010051,31,31.0,0.0,84.19830239910533,0
0.33607859201408763,0.08735114022768724,48,402.52307906198627,16.161616161616163,976.8807220678098,1
0.19305964642876947,0.17782791760327216,46,46.573263555240054,4.040404040404041,337.3366813650436,0
0.4444746436086924,0.20190622428906374,38,204.889350884147,13.131313131313131,852.8215703823677,0
0.5838360650183783,0.2809570711965575,38,185.38785901409454,10.101010101010102,827.7548618985305,0
0.25215480270617985,0.16939828283780622,14,70.4321488902972,34.343434343434346,583.2883886574925,0
0.314649681529104,0.13586166003910527,34,220.52101866136786,19.191919191919194,871.3535197386012,0
0.19553060111193624,0.26317153619398553,16,16.0,0.0,56.31537362646966,0
0.4227924044170084,0.14600510513574966,36,300.1195896514758,14.141414141414142,935.8292494151366,0
0.5169293117156905,0.272647016667269,32,152.27129539225734,12.121212121212121,778.9566135895234,0
0.2552766496328085,0.18683457460685055,10,47.02398228607604,39.3939393939394,486.444128835278,0
0.11228942876464479,0.0848681217821642,24,50.95291599159497,56.56565656565657,358.39845471402106,0
0.3517168303573306,0.264841464066891,7,38.67180066208983,33.333333333333336,460.38211664883835,0
0.25358742695329983,0.2797164317912352,8,8.0,0.0,62.357832084356104,0
0.1501825695221519,0.05648414024712835,27,266.33003863078875,43.43434343434344,850.1942301997817,0
0.45578469228714924,0.18776826214394998,21,231.40864342664977,15.151515151515152,886.0432557155617,0
0.2297716781788857,0.23426347533216818,28,28.0,0.0,203.34358390809285,0
0.27001900993402383,0.28095081885117795,38,38.0,0.0,225.0281674856565,0
0.15985360912784616,0.1666201821894776,32,32.0,0.0,198.4288452661812,0
0.39485418808425987,0.26893752124263237,43,87.25014938268255,12.121212121212121,608.085826293714,0
0.4138974693951436,0.09798932227701486,22,427.38456658426804,16.161616161616163,984.3667843015568,1
0.1659817627061488,0.12404746785027244,4,37.99915300865005,84.84848484848486,283.96559310023804,0
0.24712853127236908,0.13054921948678455,21,145.82222684840303,29.292929292929294,770.0383467452635,0
0.12371159297595838,0.23228507746649713,15,15.0,0.0,31.26605178339619,0
0.49016666450297197,0.2318024021622037,31,187.59415243225558,13.131313131313131,833.816663427523,0
0.43365501872649137,0.1208034422871999,19,370.47253356125066,16.161616161616163,969.7283235718954,0
0.28792879986274744,0.20570295399938787,16,56.85024286757384,28.282828282828284,530.7774223865874,0
0.4887015747823974,0.17095735578339422,33,294.10285097467926,12.121212121212121,932.7948837804163,0
0.22517519427546243,0.14644506687270553,11,77.02491384927522,41.41414141414142,599.6104530835589,0
0.11821195359307876,0.2730997192639088,12,12.0,0.0,20.89609922445261,0
0.13856617404815433,0.09945884854183533,36,70.52766733894319,37.37373737373738,502.610183067074,0
0.35471515106497564,0.1602107781571005,22,199.218433845058,19.191919191919194,851.4410645199198,0
0.4323204780263311,0.1350501762406166,43,337.86032795095434,13.131313131313131,954.9646256155694,0
0.54224531232218,0.2833582770256843,11,144.02212942487876,16.161616161616163,775.9737103656385,0
0.5887645402044881,0.15900205617320046,20,380.4425522721658,11.111111111111112,973.3306118962265,0
0.47175899553485123,0.09278242666095617,26,487.34759499366857,14.141414141414142,993.44221965364,1
0.10140732035581354,0.11951176779082666,24,24.0,0.0,107.10954199398185,0
0.18102860700857568,0.11173090972941167,33,105.6672160884057,33.333333333333336,658.4899891057208,0
0.15496313166740613,0.06400757834521496,20,230.0805481024727,45.45454545454546,823.784522150307,0
0.523775440344271,0.05134237582537722,15,675.5273430396015,14.141414141414142,990.3971860063969,1
0.1833408805466684,0.2191031292760084,11,11.0,0.0,56.689524739838795,0
0.5442913351255851,0.2542918321362347,1,177.52742055155522,24.242424242424242,831.4810908823797,0
0.46396832103538854,0.10697553123971996,41,440.26893227891935,12.121212121212121,986.6023819728375,1
0.1528977761037921,0.22775599012716352,12,12.0,0.0,34.82848498263298,0
0.14298081782824276,0.14502279498280052,9,9.0,0.0,89.70455815055186,0
0.1587786641772276,0.1962724198005641,46,46.0,0.0,165.31045248543822,0
0.3706813909399762,0.16175260331169877,44,221.33490790277585,15.151515151515152,869.674248207878,0
0.19656368856448256,0.1486540081944659,44,66.48861840931343,20.202020202020204,510.0055322502712,0
0.17460962509200353,0.05387746428944863,21,335.07050981368303,38.38383838383839,908.9695816285423,0
0.4828710222219378,0.275671785358417,41,132.8866157046438,11.111111111111112,735.6283629153148,0
0.44541404985759636,0.21818750422719746,49,184.9583047646181,12.121212121212121,822.6441194727224,0
0.16509160447216045,0.20564077431948408,23,23.0,0.0,93.67333144448568,0
0.23795057215978052,0.2468639962899199,14,14.0,0.0,127.21701294593146,0
0.47275761515049597,0.2706325054338239,26,123.29499330901822,14.141414141414142,725.9638446728782,0
0.37008915124844943,0.25981992547978655,49,84.8265252370016,11.111111111111112,589.0070634361673,0
0.5292023862682812,0.28244695231573846,7,134.80849192013417,18.181818181818183,761.6752319978779,0
0.5909626329994119,0.2673669787264836,22,198.40233896027306,12.121212121212121,850.8679226055988,0
0.5787511335434934,0.20810213564411212,39,286.9092935926015,10.101010101010102,927.0507393434034,0
0.3475800693528104,0.23527493634830726,9,65.0739643327288,29.292929292929294,577.1474940571017,0
0.370374360726647,0.24042233267301066,44,99.5265483656298,13.131313131313131,647.2772572500298,0
0.5318390395278195,0.15879731754143156,38,352.01640670710714,11.111111111111112,961.578931654546,0
0.32586811149966033,0.0504385463473417,22,559.6022585526835,20.202020202020204,983.8100848755614,1
0.515036089912173,0.2170806611955713,44,232.98110169193407,11.111111111111112,882.0847057745317,0
0.17649178777322042,0.17793848023813136,18,18.0,0.0,160.41822728177425,0
0.40588728563344345,0.08678253082196481,18,460.16205525080005,17.171717171717173,989.6361813365553,1
0.43368966911641205,0.145111638945152,36,310.70399652972134,14.141414141414142,942.3013370721833,0
0.29872565187640165,0.14383630412805298,36,184.17246405909574,20.202020202020204,826.4566319290072,0
0.4557669864822872,0.055531330896829226,24,623.4706445102671,14.141414141414142,992.8529105281349,1
0.24208155674515622,0.06440828233133879,33,390.5572881819895,25.252525252525253,965.2417212695549,0
0.48540141665199876,0.13792300434875043,1,358.0565516220789,23.232323232323235,966.6707380642796,0
0.5743377701344581,0.2597806608620433,23,199.261718569356,12.121212121212121,851.1992851320167,0
0.5771384967826589,0.22519439179713163,16,248.48801308437345,13.131313131313131,902.6548150197674,0
0.5704287349696888,0.13145300553875322,35,438.22592956650124,10.101010101010102,986.6501278276992,1
0.3278947877500532,0.1928750618698567,22,112.67058941575851,22.222222222222225,704.6252519096939,0
0.39272269376967117,0.16152208598505774,21,231.6603574807397,18.181818181818183,886.5573662644766,0
0.5837701580030227,0.2408628083153363,26,232.94347135658518,11.111111111111112,886.3381660535791,0
0.17392876894848022,0.11025720141310959,18,88.62226475547926,44.44444444444445,603.5370395283826,0
0.1543824683273978,0.14613117823120197,34,34.19664520051656,4.040404040404041,270.3197050244808,0
0.41800387896954727,0.25952408276524563,15,92.54187597455623,20.202020202020204,659.4473942314562,0
0.21330767353876298,0.06628805296983965,46,340.59420916118006,26.262626262626263,944.0739048510422,0
0.3733873201186009,0.20428312481325528,47,149.23651760754782,14.141414141414142,764.2362615065865,0
0.4599115311006208,0.11340067167485386,4,408.6579012975571,19.191919191919194,981.2213347122831,1
0.4859482902710234,0.09737818131180044,17,480.6272307706821,14.141414141414142,992.8279375368417,1
0.10650153322335534,0.2663135463157375,24,24.0,0.0,39.16905244311278,0
0.4741425021404646,0.2978339431297927,24,94.90208168552199,14.141414141414142,657.1385691789119,0
0.5222576668756183,0.28439139519437967,38,145.56271169685056,11.111111111111112,763.0928431183911,0
0.529283631851834,0.15913921542405096,48,352.4868970948802,10.101010101010102,961.0505468561355,0
0.219915833867142,0.22587430308407047,34,34.0,0.0,219.603459466515,0
0.1557309023263503,0.288460874363835,25,25.0,0.0,51.980903929599116,0
0.4463179386644992,0.10957555829904238,34,417.5366484177679,13.131313131313131,982.2073165505193,1
0.13320903009399163,0.2058335697730556,31,31.0,0.0,79.71273818498801,0
0.525848919281802,0.05737643938651586,44,653.5493181607321,11.111111111111112,994.992997394479,1
0.21106267942832943,0.0521274624841246,13,410.74458073772234,35.35353535353536,947.2578215526088,1
0.22498034798429875,0.28878298780812023,38,38.0,0.0,132.02377585760576,0
0.24280188939245803,0.08839627192922485,6,270.10667164041314,36.36363636363637,910.818838167759,0
0.21857907985921318,0.1956661456442702,27,30.198997535845262,13.131313131313131,309.8757448431733,0
0.5341194816951136,0.12163521536888901,45,444.33294068981075,10.101010101010102,987.4765893287848,1
0.37627323330284024,0.24239077218175964,3,74.45420531895668,35.35353535353536,617.0324757937198,0
0.30956090600032193,0.11305194124237923,31,278.3854400899167,20.202020202020204,921.85734298111,0
0.2521294690333138,0.16614254034826426,32,87.60830782905764,23.232323232323235,622.4713401524479,0
0.4568307017853238,0.12605169985177833,47,382.06649197177495,12.121212121212121,971.8136556250939,0
0.30413450465998937,0.10211612125872734,1,297.83131148453805,38.38383838383839,934.6616879546967,0
0.4268236783733055,0.204228210145683,47,191.5676672527992,12.121212121212121,832.8119495971134,0
0.3155241088930124,0.0815156955406547,14,395.6117175618355,23.232323232323235,974.994633035346,0
0.12253868888702549,0.12926294993864773,1,1.0,0.0,9.1966519185524,0
0.10812058077447026,0.1343030722012199,16,16.0,0.0,67.06970313674744,0
0.5077574919362399,0.05996930540380645,2,628.8875084564038,19.191919191919194,993.7593226296173,1
0.4587846262405708,0.11510490772470407,17,406.4047516544739,15.151515151515152,980.1424133499082,1
0.19400926713314917,0.24781462415127276,25,25.0,0.0,94.5231033970562,0
0.428557749184141,0.23956347371201359,28,131.75469251928192,15.151515151515152,742.4543545120215,0
0.3230901838362842,0.11200207623018775,49,303.16176040754215,17.171717171717173,935.7103434279361,0
0.32122045407045063,0.1799320314592474,5,117.99432945449892,33.333333333333336,728.0254092087479,0
0.5979276247419033,0.07575332948061726,49,616.3608294178117,10.101010101010102,998.7938134511088,1
0.20927736117766696,0.1358303055382929,8,75.61665231309776,49.494949494949495,581.4546490985133,0
0.1445066570529975,0.051205358347728006,38,291.7542011325665,40.40404040404041,862.6991610090901,0
0.2722187354313559,0.22418706588633458,34,45.05977124399003,14.141414141414142,417.9192579191843,0
0.5237444799046564,0.15377654129800777,49,360.84535898067645,10.101010101010102,964.3737567041871,0
0.15639746906837063,0.12407269223389673,42,57.04347694122764,23.232323232323235,447.2733583236223,0
0.13350259436446563,0.18942327726387614,19,19.0,0.0,58.76428858325518,0
0.15301848835577467,0.20820439243928107,28,28.0,0.0,90.54403151581153,0
0.1345201493829883,0.2338946080843281,19,19.0,0.0,42.91704161100911,0
0.5717859953057487,0.0950938920607474,13,536.7580186200067,13.131313131313131,997.3293532368591,1
0.48497070174534673,0.26414114572425423,47,150.45585263735876,11.111111111111112,766.8594225159832,0
0.2545367149647412,0.12471437150363242,42,181.46755617778544,22.222222222222225,818.8737833681474,0
0.18829489433890764,0.2255405243527494,37,37.0,0.0,150.95223981575685,0
0.4298768062007221,0.2725683153576945,40,102.86756721427541,12.121212121212121,662.1171962936635,0
0.15424065415502156,0.2143525306018862,40,40.0,0.0,118.35356081262533,0
0.5933243185720571,0.11716481948955358,35,489.1963353658173,10.101010101010102,993.6740312962929,1
0.15346031917080635,0.28184553836970383,2,2.0,0.0,4.373947213984555,0
0.2529066247221117,0.08401413349971028,4,303.0016565974019,37.37373737373738,931.2735106762597,0
0.30397554418476047,0.060466609136283975,33,486.50666782887924,20.202020202020204,986.1227309892762,1
0.3342443376698515,0.17652658300256135,34,152.96455972849537,18.181818181818183,778.8342742650003,0
0.1476835380078603,0.11120272447378,44,67.26741693691056,27.272727272727273,491.474181849961,0
0.43141938401361557,0.27683488816980206,38,98.37592467697483,13.131313131313131,651.4291542818756,0
0.18575013126253767,0.27158878836225264,12,12.0,0.0,36.082459494134646,0
0.10405932879066379,0.10490178924117145,25,25.0,0.0,167.15037761273197,0
0.2482016219910189,0.14239433988317152,29,124.36485187726677,26.262626262626263,723.3280725799209,0
0.14137740428790882,0.14665917987265475,13,13.0,0.0,107.34538479281824,0
0.1246264939131044,0.07500739854377074,31,111.50621305400979,49.494949494949495,596.47434504198,0
0.5024979620279769,0.16704289285064106,19,307.5668420791154,14.141414141414142,942.3858451255259,0
0.4936474890552993,0.07089594333422301,49,583.5425287016305,11.111111111111112,997.5588287956505,1
0.5243809262116584,0.16610470144547657,32,328.4691911299303,12.121212121212121,952.074083329627,0
0.576045323236192,0.28471179842773425,45,179.9138549387937,9.090909090909092,817.2253019239328,0
0.109407904277286,0.2666815727334371,29,29.0,0.0,47.89202632758513,0
0.2699845587855427,0.0970057913886128,24,281.53984108929205,24.242424242424242,923.4015409273045,0
0.18010046838268037,0.2773412406327628,5,5.0,0.0,14.01296194175805,0
0.3544056057492131,0.18054631738028054,37,166.0586305343521,16.161616161616163,799.4686194333536,0
0.3838976975469516,0.0787230509928253,26,474.7869144692777,17.171717171717173,990.8640514454074,1
0.37972326159765646,0.05303593433928956,36,590.5020903927517,16.161616161616163,989.9403941603199,1
0.5719838371562483,0.1622202481203331,6,360.5240994292156,15.151515151515152,967.1592548927736,0
0.25914577656541227,0.17224103952060504,33,86.14046957821093,22.222222222222225,616.8016959579867,0
0.15284210274668605,0.28127927007379344,21,21.0,0.0,44.26860139039047,0
0.43104875346197147,0.12725914377430958,5,345.55167716468736,20.202020202020204,961.5864523633641,0
0.44582074190596754,0.14370408365971488,26,320.8206990864647,14.141414141414142,948.642252356288,0
0.41658436151783385,0.11671777803520124,6,364.6675697205959,20.202020202020204,968.4667252613217,0
0.26249274684876533,0.06364523606472687,29,420.89875695517446,24.242424242424242,974.4559251023145,1
0.5309258664402016,0.24958096850538292,5,177.06994966432643,19.191919191919194,829.6484964676924,0
0.3876044684479747,0.12385584874586796,37,327.94724086823254,15.151515151515152,950.7674925041139,0
0.1350636646654608,0.2962502328136838,31,31.0,0.0,54.992371017902784,0
0.26884027868034877,0.29011514838744573,38,38.0,0.0,202.71619065561305,0
0.20933795250830198,0.11834759784002473,40,135.269041487976,26.262626262626263,734.7916808616909,0
0.23058384866334145,0.09998729623043291,29,216.73586749026367,27.272727272727273,864.1911535905277,0
0.28974421239613257,0.26207354645536707,43,44.45584670504054,4.040404040404041,349.81390952139674,0
0.3413017255086579,0.2803074850734731,27,39.494749773998805,14.141414141414142,407.19481318636645,0
0.4335813267213905,0.09171627917063278,29,465.63666334288257,14.141414141414142,990.606088801275,1
0.38040670661292497,0.14282056077496247,29,267.3905698175335,16.161616161616163,915.0804249862024,0
0.5151351744037785,0.1248769690074452,17,416.91219587832916,13.131313131313131,982.9216016755387,1
0.3355075781783906,0.061962493999389176,36,509.95904671959664,18.181818181818183,990.1560762885392,1
0.42134773303039197,0.07487304754178008,9,516.5375856611948,18.181818181818183,994.3989225768928,1
0.41543629418463357,0.2588022492822374,37,105.58215176336454,13.131313131313131,673.138022323502,0
0.5405672612242214,0.11381719217222162,22,465.8913690254327,12.121212121212121,991.1162591836079,1
0.1109596379901224,0.06730292929069094,42,116.20685702359182,48.484848484848484,585.2291963334945,0
0.3860528787103079,0.1800882861550901,22,188.16792180008818,18.181818181818183,837.5755834729324,0
0.5538967974981618,0.22703963618093403,14,230.11240383882344,14.141414141414142,886.6397148919576,0
0.48488268062217377,0.21886443345648054,35,205.5088154565853,12.121212121212121,854.744423599316,0
0.49797555802395577,0.08059252880483973,47,550.395951935433,11.111111111111112,997.3218471981878,1
0.5434218528705157,0.18403071105879792,26,303.3860854326559,12.121212121212121,939.1637981322701,0
0.3284193739033021,0.26651041858928465,14,30.435320448716972,25.252525252525253,388.09499270535974,0
